"AphiaID","ScientificName","Authority","AphiaID_accepted","ScientificName_accepted","Authority_accepted","Fossil","Kingdom","Phylum","Class","Order","Family","taxonRank","Genus","Subgenus","Species","Subspecies","Marine","Brackish","Fresh","Terrestrial","taxonomicStatus","Unacceptreason","DateLastModified","LSID","Parent AphiaID"
"1054700","""Lower Heterobranchia""","","1054700","""Lower Heterobranchia""","","","Animalia","Mollusca","Gastropoda","","","Infraclass","","","","","1","1","1","0","temporary name","","2018-01-14","urn:lsid:marinespecies.org:taxname:1054700","14712"
"875566","[non-Uristidae]","","875566","[non-Uristidae]","","","Animalia","Arthropoda","Malacostraca","Amphipoda","Lysianassoidea incertae sedis","Genus","[non-Uristidae]","","","","1","0","0","0","temporary name","<i>incertae sedis</i>","2021-11-16","urn:lsid:marinespecies.org:taxname:875566","731859"
"875567","[non-Uristidae] albinus","(K.H. Barnard, 1932)","875567","[non-Uristidae] albinus","(K.H. Barnard, 1932)","","Animalia","Arthropoda","Malacostraca","Amphipoda","Lysianassoidea incertae sedis","Species","[non-Uristidae]","","albinus","","1","0","0","0","accepted","","2022-05-19","urn:lsid:marinespecies.org:taxname:875567","875566"
"875568","[non-Uristidae] dawsoni","Hurley, 1963","875568","[non-Uristidae] dawsoni","Hurley, 1963","0","Animalia","Arthropoda","Malacostraca","Amphipoda","Lysianassoidea incertae sedis","Species","[non-Uristidae]","","dawsoni","","1","0","0","0","accepted","","2022-05-19","urn:lsid:marinespecies.org:taxname:875568","875566"
"875569","[non-Uristidae] georgianus","(Schellenberg, 1931)","875569","[non-Uristidae] georgianus","(Schellenberg, 1931)","0","Animalia","Arthropoda","Malacostraca","Amphipoda","Lysianassoidea incertae sedis","Species","[non-Uristidae]","","georgianus","","1","0","0","0","accepted","","2022-05-19","urn:lsid:marinespecies.org:taxname:875569","875566"
"875572","[non-Uristidae] natalensis","K.H. Barnard, 1916","875572","[non-Uristidae] natalensis","K.H. Barnard, 1916","0","Animalia","Arthropoda","Malacostraca","Amphipoda","Lysianassoidea incertae sedis","Species","[non-Uristidae]","","natalensis","","1","0","0","0","accepted","","2022-05-19","urn:lsid:marinespecies.org:taxname:875572","875566"
"1828489","[unassigned] Achatinidae","","1828489","[unassigned] Achatinidae","","","Animalia","Mollusca","Gastropoda","Stylommatophora","Achatinidae","Subfamily","","","","","0","0","0","1","accepted","","2025-08-18","urn:lsid:marinespecies.org:taxname:1828489","816160"
"1809124","[unassigned] Cypraeidae","","1809124","[unassigned] Cypraeidae","","","Animalia","Mollusca","Gastropoda","Littorinimorpha","Cypraeidae","Subfamily","","","","","1","0","0","0","accepted","","2025-04-26","urn:lsid:marinespecies.org:taxname:1809124","23022"
"382327","[unassigned] Decapodiformes","","382327","[unassigned] Decapodiformes","","","Animalia","Mollusca","Cephalopoda","[unassigned] Decapodiformes","","Order","","","","","1","","0","0","temporary name","","2018-02-07","urn:lsid:marinespecies.org:taxname:382327","325342"
"1811954","[unassigned] Murchisonellidae","","1811954","[unassigned] Murchisonellidae","","0","Animalia","Mollusca","Gastropoda","","Murchisonellidae","Subfamily","","","","","1","","0","0","temporary name","","2025-05-01","urn:lsid:marinespecies.org:taxname:1811954","411886"
"851337","[unassigned] Scolodontidae","H. B. Baker, 1925","851337","[unassigned] Scolodontidae","H. B. Baker, 1925","","Animalia","Mollusca","Gastropoda","Stylommatophora","Scolodontidae","Subfamily","","","","","0","0","0","1","temporary name","","2025-07-22","urn:lsid:marinespecies.org:taxname:851337","1823627"
"863169","“Montereina”","<i>sensu</i> Dayrat, 2010","863169","“Montereina”","<i>sensu</i> Dayrat, 2010","","Animalia","Mollusca","Gastropoda","Doridida","Discodorididae","Genus","“Montereina”","","","","1","","","","unavailable name","published in a work not compliant with ICZN","2023-05-03","urn:lsid:marinespecies.org:taxname:863169","1761"
"578936","“Montereina” achroma","(Á. Valdés, 2001)","458457","Discodoris achroma","Á. Valdés, 2001","","Animalia","Mollusca","Gastropoda","Doridida","Discodorididae","Species","“Montereina”","","achroma","","1","","","","alternative representation","","2015-11-10","urn:lsid:marinespecies.org:taxname:578936","863169"
"578938","“Montereina” aliciae","(Dayrat, 2005)","","","","","Animalia","Mollusca","Gastropoda","Doridida","Discodorididae","Species","“Montereina”","","aliciae","","1","","","","unaccepted","unavailable name: originally published in a non-binominal work","2015-11-10","urn:lsid:marinespecies.org:taxname:578938","863169"
"578941","“Montereina” aurea","(Eliot, 1903)","578942","Peltodoris aurea","Eliot, 1904","","Animalia","Mollusca","Gastropoda","Doridida","Discodorididae","Species","“Montereina”","","aurea","","1","","","","alternative representation","","2015-11-10","urn:lsid:marinespecies.org:taxname:578941","863169"
"578943","“Montereina” aurila","(Marcus & Marcus, 1967)","761838","Diaulula aurila","(Ev. Marcus & Er. Marcus, 1967)","","Animalia","Mollusca","Gastropoda","Doridida","Discodorididae","Species","“Montereina”","","aurila","","1","","","","alternative representation","","2019-05-24","urn:lsid:marinespecies.org:taxname:578943","863169"
"578945","“Montereina” branneri","(MacFarland, 1909)","1791538","Tayuva branneri","(MacFarland, 1909)","","Animalia","Mollusca","Gastropoda","Doridida","Discodorididae","Species","“Montereina”","","branneri","","1","0","0","0","superseded combination","","2025-01-18","urn:lsid:marinespecies.org:taxname:578945","863169"
"578947","“Montereina” coerulescens","(Bergh, 1888)","1791536","Tayuva coerulescens","(Bergh, 1888)","0","Animalia","Mollusca","Gastropoda","Doridida","Discodorididae","Species","“Montereina”","","coerulescens","","1","0","0","0","superseded combination","","2025-01-18","urn:lsid:marinespecies.org:taxname:578947","863169"
"578950","“Montereina” concinna","(Alder & Hancock, 1864)","139562","Discodoris concinna","(Alder & Hancock, 1864)","","Animalia","Mollusca","Gastropoda","Doridida","Discodorididae","Species","“Montereina”","","concinna","","1","","","","alternative representation","","2015-11-10","urn:lsid:marinespecies.org:taxname:578950","863169"
"578953","“Montereina” crucis","(Mörch, 1863)","863177","Discodoris crucis","(Mörch, 1863)","","Animalia","Mollusca","Gastropoda","Doridida","Discodorididae","Species","“Montereina”","","crucis","","1","","","","alternative representation","","2022-08-18","urn:lsid:marinespecies.org:taxname:578953","863169"
"578955","“Montereina” erubescens","(Bergh, 1884)","139565","Discodoris erubescens","Bergh, 1884","","Animalia","Mollusca","Gastropoda","Doridida","Discodorididae","Species","“Montereina”","","erubescens","","1","","","","alternative representation","","2015-11-10","urn:lsid:marinespecies.org:taxname:578955","863169"
"579045","“Montereina” flindersi","(Burn, 1962)","579046","Anisodoris flindersi","Burn, 1962","","Animalia","Mollusca","Gastropoda","Doridida","Discodorididae","Species","“Montereina”","","flindersi","","1","","","","alternative representation","","2015-11-10","urn:lsid:marinespecies.org:taxname:579045","863169"
"579050","“Montereina” golaia","(Marcus & Marcus, 1966)","579051","Discodoris golaia","Ev. Marcus & Er. Marcus, 1966","","Animalia","Mollusca","Gastropoda","Doridida","Discodorididae","Species","“Montereina”","","golaia","","1","","","","alternative representation","","2015-11-10","urn:lsid:marinespecies.org:taxname:579050","863169"
"579052","“Montereina” greeleyi","(MacFarland, 1909)","420598","Diaulula greeleyi","(MacFarland, 1909)","","Animalia","Mollusca","Gastropoda","Doridida","Discodorididae","Species","“Montereina”","","greeleyi","","1","","","","alternative representation","","2015-11-10","urn:lsid:marinespecies.org:taxname:579052","863169"
"579057","“Montereina” igla","(Marcus & Marcus, 1967)","579058","Peltodoris hummelincki igla","Ev. Marcus & Er. Marcus, 1967","","Animalia","Mollusca","Gastropoda","Doridida","Discodorididae","Species","“Montereina”","","igla","","1","","","","alternative representation","","2015-11-10","urn:lsid:marinespecies.org:taxname:579057","863169"
"579062","“Montereina” labifera","(Abraham, 1877)","863171","Discodoris labifera","(Abraham, 1877)","","Animalia","Mollusca","Gastropoda","Doridida","Discodorididae","Species","“Montereina”","","labifera","","1","","","","alternative representation","","2015-11-10","urn:lsid:marinespecies.org:taxname:579062","863169"
"579064","“Montereina” lancei","(Millen & Bertsch, 2000)","457912","Peltodoris lancei","Millen & Bertsch, 2000","","Animalia","Mollusca","Gastropoda","Doridida","Discodorididae","Species","“Montereina”","","lancei","","1","","","","alternative representation","","2015-11-10","urn:lsid:marinespecies.org:taxname:579064","863169"
"579065","“Montereina” lentiginosa","(Millen, 1982)","863173","Diaulula lentiginosa","(Millen, 1982)","","Animalia","Mollusca","Gastropoda","Doridida","Discodorididae","Species","“Montereina”","","lentiginosa","","1","","","","alternative representation","","2015-11-10","urn:lsid:marinespecies.org:taxname:579065","863169"
"579067","“Montereina” lippa","(Á. Valdés, 2001)","458462","Peltodoris lippa","Á. Valdés, 2001","","Animalia","Mollusca","Gastropoda","Doridida","Discodorididae","Species","“Montereina”","","lippa","","1","","","","alternative representation","","2015-11-10","urn:lsid:marinespecies.org:taxname:579067","863169"
"579079","“Montereina” modesta","(Bergh, 1877)","579080","Discodoris modesta","Bergh, 1877","","Animalia","Mollusca","Gastropoda","Doridida","Discodorididae","Species","“Montereina”","","modesta","","1","","","","alternative representation","","2015-11-10","urn:lsid:marinespecies.org:taxname:579079","863169"
"579081","“Montereina” mortenseni","(Ev. Marcus & Er. Marcus, 1963)","579082","Discodoris mortenseni","Ev. Marcus & Er. Marcus, 1963","","Animalia","Mollusca","Gastropoda","Doridida","Discodorididae","Species","“Montereina”","","mortenseni","","1","","","","alternative representation","","2015-11-10","urn:lsid:marinespecies.org:taxname:579081","863169"
"579083","“Montereina” muta","(Bergh, 1877)","532746","Discodoris muta","Bergh, 1877","","Animalia","Mollusca","Gastropoda","Doridida","Discodorididae","Species","“Montereina”","","muta","","1","","","","alternative representation","","2015-11-10","urn:lsid:marinespecies.org:taxname:579083","863169"
"579085","“Montereina” notha","(Bergh, 1877)","532747","Discodoris notha","Bergh, 1877","","Animalia","Mollusca","Gastropoda","Doridida","Discodorididae","Species","“Montereina”","","notha","","1","","","","alternative representation","","2015-11-10","urn:lsid:marinespecies.org:taxname:579085","863169"
"579087","“Montereina” opisthidia","(Bergh, 1877)","579088","Discodoris opisthidia","Bergh, 1877","","Animalia","Mollusca","Gastropoda","Doridida","Discodorididae","Species","“Montereina”","","opisthidia","","1","","","","alternative representation","","2015-11-10","urn:lsid:marinespecies.org:taxname:579087","863169"
"579093","“Montereina” pallida","(Baba, 1937)","579094","Discodoris pallida","Baba, 1937","","Animalia","Mollusca","Gastropoda","Doridida","Discodorididae","Species","“Montereina”","","pallida","","1","","","","alternative representation","","2015-11-10","urn:lsid:marinespecies.org:taxname:579093","863169"
"579095","“Montereina” pardalis","(Alder & Hancock, 1864)","761844","Discodoris pardalis","(Alder & Hancock, 1864)","","Animalia","Mollusca","Gastropoda","Doridida","Discodorididae","Species","“Montereina”","","pardalis","","1","","","","alternative representation","","2015-11-10","urn:lsid:marinespecies.org:taxname:579095","863169"
"579097","“Montereina” paroa","(Burn, 1969)","533970","Discodoris paroa","Burn, 1969","","Animalia","Mollusca","Gastropoda","Doridida","Discodorididae","Species","“Montereina”","","paroa","","1","","","","alternative representation","","2015-11-10","urn:lsid:marinespecies.org:taxname:579097","863169"
"579098","“Montereina” phoca","(Ev. Marcus & Er. Marcus, 1967)","532733","Diaulula phoca","(Ev. Marcus & Er. Marcus, 1967)","","Animalia","Mollusca","Gastropoda","Doridida","Discodorididae","Species","“Montereina”","","phoca","","1","","","","alternative representation","","2016-10-31","urn:lsid:marinespecies.org:taxname:579098","863169"
"579090","“Montereina” punctifera","(Abraham, 1877)","139571","Peltodoris punctifera","(Abraham, 1877)","","Animalia","Mollusca","Gastropoda","Doridida","Discodorididae","Species","“Montereina”","","punctifera","","1","","","","alternative representation","","2015-11-10","urn:lsid:marinespecies.org:taxname:579090","863169"
"863167","“Montereina” purcina","(Ev. Marcus & Er. Marcus, 1967)","532748","Discodoris purcina","Ev. Marcus & Er. Marcus, 1967","","Animalia","Mollusca","Gastropoda","Doridida","Discodorididae","Species","“Montereina”","","purcina","","1","","","","alternative representation","","2015-11-10","urn:lsid:marinespecies.org:taxname:863167","863169"
"579054","“Montereina” rubra","(Bergh, 1905)","874537","Peltodoris rubra","(Bergh, 1905)","","Animalia","Mollusca","Gastropoda","Doridida","Discodorididae","Species","“Montereina”","","rubra","","1","","","","alternative representation","","2016-04-26","urn:lsid:marinespecies.org:taxname:579054","863169"
"1077859","×Acostitrapa","Rauschert","993732","Centaurea","L.","","Plantae","Tracheophyta","Magnoliopsida","Asterales","Compositae","Genus","×Acostitrapa","","","","0","0","0","1","unaccepted","","2019-10-29","urn:lsid:marinespecies.org:taxname:1077859","1075156"
"1190757","×Acostitrapa hemiptera","(Borbás) Rauschert","1111036","Centaurea hemiptera","Borbás","","Plantae","Tracheophyta","Magnoliopsida","Asterales","Compositae","Species","×Acostitrapa","","hemiptera","","0","0","0","1","unaccepted","","2013-09-13","urn:lsid:marinespecies.org:taxname:1190757","1077859"
"1198572","×Acostitrapa pseudohemiptera","(Wagner) Rauschert","1091763","Centaurea pseudohemiptera","J.Wagner","","Plantae","Tracheophyta","Magnoliopsida","Asterales","Compositae","Species","×Acostitrapa","","pseudohemiptera","","0","0","0","1","unaccepted","","2013-09-13","urn:lsid:marinespecies.org:taxname:1198572","1077859"
"1167066","×Acostitrapa subdiffusa","(Prodan) Rauschert","1106962","Centaurea subdiffusa","Prodan","","Plantae","Tracheophyta","Magnoliopsida","Asterales","Compositae","Species","×Acostitrapa","","subdiffusa","","0","0","0","1","unaccepted","","2013-09-13","urn:lsid:marinespecies.org:taxname:1167066","1077859"
"1078718","×Anthechamomilla","Rauschert","1076540","×Anthematricaria","","","Plantae","Tracheophyta","Magnoliopsida","Asterales","Compositae","Genus","×Anthechamomilla","","","","0","0","0","1","unaccepted","","2013-09-13","urn:lsid:marinespecies.org:taxname:1078718","1074884"
"1167135","×Anthechamomilla dominii","(Rohlena) Rauschert","1091115","×Anthematricaria dominii","Rohlena","","Plantae","Tracheophyta","Magnoliopsida","Asterales","Compositae","Species","×Anthechamomilla","","dominii","","0","0","0","1","unaccepted","","2013-09-13","urn:lsid:marinespecies.org:taxname:1167135","1078718"
"1076540","×Anthematricaria","","1076540","×Anthematricaria","","","Plantae","Tracheophyta","Magnoliopsida","Asterales","Compositae","Genus","×Anthematricaria","","","","0","0","0","1","accepted","","2013-09-13","urn:lsid:marinespecies.org:taxname:1076540","1074884"
"1091115","×Anthematricaria dominii","Rohlena","1091115","×Anthematricaria dominii","Rohlena","","Plantae","Tracheophyta","Magnoliopsida","Asterales","Compositae","Species","×Anthematricaria","","dominii","","0","0","0","1","accepted","","2013-09-13","urn:lsid:marinespecies.org:taxname:1091115","1076540"
"1076606","×Anthemimatricaria","","1076606","×Anthemimatricaria","","","Plantae","Tracheophyta","Magnoliopsida","Asterales","Compositae","Genus","×Anthemimatricaria","","","","0","0","0","1","accepted","","2013-09-13","urn:lsid:marinespecies.org:taxname:1076606","1074884"
"1112586","×Anthemimatricaria inolens","P.Fourn.","1112586","×Anthemimatricaria inolens","P.Fourn.","","Plantae","Tracheophyta","Magnoliopsida","Asterales","Compositae","Species","×Anthemimatricaria","","inolens","","0","0","0","1","accepted","","2013-09-13","urn:lsid:marinespecies.org:taxname:1112586","1076606"
"1094115","×Anthemimatricaria maleolens","P.Fourn.","1094115","×Anthemimatricaria maleolens","P.Fourn.","","Plantae","Tracheophyta","Magnoliopsida","Asterales","Compositae","Species","×Anthemimatricaria","","maleolens","","0","0","0","1","accepted","","2013-09-13","urn:lsid:marinespecies.org:taxname:1094115","1076606"
"1108876","×Anthemimatricaria sulfurea","P.Fourn.","1108876","×Anthemimatricaria sulfurea","P.Fourn.","","Plantae","Tracheophyta","Magnoliopsida","Asterales","Compositae","Species","×Anthemimatricaria","","sulfurea","","0","0","0","1","accepted","","2013-09-13","urn:lsid:marinespecies.org:taxname:1108876","1076606"
"1075519","×Anthisma","","1075519","×Anthisma","","","Plantae","Tracheophyta","Magnoliopsida","Asterales","Compositae","Genus","×Anthisma","","","","0","0","0","1","accepted","","2013-09-13","urn:lsid:marinespecies.org:taxname:1075519","867905"
"1076998","×Anthocephalum","","1076998","×Anthocephalum","","","Plantae","Tracheophyta","Magnoliopsida","Asterales","Compositae","Genus","×Anthocephalum","","","","0","0","0","1","accepted","","2013-09-13","urn:lsid:marinespecies.org:taxname:1076998","867905"
"1075497","×Argyrautia","Sherff","1075497","×Argyrautia","Sherff","","Plantae","Tracheophyta","Magnoliopsida","Asterales","Compositae","Genus","×Argyrautia","","","","0","0","0","1","accepted","","2013-09-13","urn:lsid:marinespecies.org:taxname:1075497","1074858"
"1102319","×Argyrautia degeneri","Sherff","1102319","×Argyrautia degeneri","Sherff","","Plantae","Tracheophyta","Magnoliopsida","Asterales","Compositae","Species","×Argyrautia","","degeneri","","0","0","0","1","accepted","","2013-09-13","urn:lsid:marinespecies.org:taxname:1102319","1075497"
"1077374","×Asterago","","1076322","×Solidaster","H.R. Wehrh.","","Plantae","Tracheophyta","Magnoliopsida","Asterales","Compositae","Genus","×Asterago","","","","0","0","0","1","unaccepted","","2025-03-05","urn:lsid:marinespecies.org:taxname:1077374","1075085"
"1145561","×Asterago lutea","(Hort.) Everett","1145561","×Asterago lutea","(Hort.) Everett","","Plantae","Tracheophyta","Magnoliopsida","Asterales","Compositae","Species","×Asterago","","lutea","","0","0","0","1","unassessed","","2013-09-13","urn:lsid:marinespecies.org:taxname:1145561","1077374"
"1194517","×Asterago lutea","Everett","1099235","×Solidaster luteus","(Everett) M.L.Green ex Dress","","Plantae","Tracheophyta","Magnoliopsida","Asterales","Compositae","Species","×Asterago","","lutea","","0","0","0","1","unaccepted","","2013-09-13","urn:lsid:marinespecies.org:taxname:1194517","1077374"
"1080962","×Asterigeron","Tzvelev","1080962","×Asterigeron","Tzvelev","","Plantae","Tracheophyta","Magnoliopsida","Asterales","Compositae","Genus","×Asterigeron","","","","0","0","0","1","unassessed","","2013-09-13","urn:lsid:marinespecies.org:taxname:1080962","1074873"
"1133603","×Asterigeron ucrainicus","Tzvelev","1133603","×Asterigeron ucrainicus","Tzvelev","","Plantae","Tracheophyta","Magnoliopsida","Asterales","Compositae","Species","×Asterigeron","","ucrainicus","","0","0","0","1","unassessed","","2013-09-13","urn:lsid:marinespecies.org:taxname:1133603","1080962"
"1675226","×Bolboschoenoplectus","Tatanov","416202","Bolboschoenus","(Asch.) Palla","","Plantae","Tracheophyta","Magnoliopsida","Poales","Cyperaceae","Genus","×Bolboschoenoplectus","","","","","","","1","junior subjective synonym","","2025-04-15","urn:lsid:marinespecies.org:taxname:1675226","382428"
"1076384","×Carduogalactites","P.Fourn.","1076384","×Carduogalactites","P.Fourn.","","Plantae","Tracheophyta","Magnoliopsida","Asterales","Compositae","Genus","×Carduogalactites","","","","0","0","0","1","accepted","","2019-10-29","urn:lsid:marinespecies.org:taxname:1076384","1075089"
"1113899","×Carduogalactites ludoviciae","(Bertr.) P.Fourn.","1113899","×Carduogalactites ludoviciae","(Bertr.) P.Fourn.","","Plantae","Tracheophyta","Magnoliopsida","Asterales","Compositae","Species","×Carduogalactites","","ludoviciae","","0","0","0","1","accepted","","2013-09-13","urn:lsid:marinespecies.org:taxname:1113899","1076384"
"1076964","×Centauserratula","Arènes","1075405","Klasea","Cass.","","Plantae","Tracheophyta","Magnoliopsida","Asterales","Compositae","Genus","×Centauserratula","","","","0","0","0","1","unaccepted","","2019-10-29","urn:lsid:marinespecies.org:taxname:1076964","1075156"
"1093888","×Centauserratula mouterdei","Arènes","1093888","×Centauserratula mouterdei","Arènes","","Plantae","Tracheophyta","Magnoliopsida","Asterales","Compositae","Species","×Centauserratula","","mouterdei","","0","0","0","1","accepted","","2013-09-13","urn:lsid:marinespecies.org:taxname:1093888","1076964"
"1081058","×Chrysaboltonia","","1081058","×Chrysaboltonia","","","Plantae","Tracheophyta","Magnoliopsida","Asterales","Compositae","Genus","×Chrysaboltonia","","","","0","0","0","1","unassessed","","2013-09-13","urn:lsid:marinespecies.org:taxname:1081058","867905"
"1124489","×Chrysaboltonia pulcherrima","Arends","1124489","×Chrysaboltonia pulcherrima","Arends","","Plantae","Tracheophyta","Magnoliopsida","Asterales","Compositae","Species","×Chrysaboltonia","","pulcherrima","","0","0","0","1","unassessed","","2013-09-13","urn:lsid:marinespecies.org:taxname:1124489","1081058"
"1080029","×Chrysanthemoachillea","Prodan","1080029","×Chrysanthemoachillea","Prodan","","Plantae","Tracheophyta","Magnoliopsida","Asterales","Compositae","Genus","×Chrysanthemoachillea","","","","0","0","0","1","unassessed","","2013-09-13","urn:lsid:marinespecies.org:taxname:1080029","1074884"
"1140137","×Chrysanthemoachillea borzae","Prodan","1140137","×Chrysanthemoachillea borzae","Prodan","","Plantae","Tracheophyta","Magnoliopsida","Asterales","Compositae","Species","×Chrysanthemoachillea","","borzae","","0","0","0","1","unassessed","","2013-09-13","urn:lsid:marinespecies.org:taxname:1140137","1080029"
"1130577","×Chrysanthemoachillea carmen-sylvae","Prodan ex Nyár.","1130577","×Chrysanthemoachillea carmen-sylvae","Prodan ex Nyár.","","Plantae","Tracheophyta","Magnoliopsida","Asterales","Compositae","Species","×Chrysanthemoachillea","","carmen-sylvae","","0","0","0","1","unassessed","","2013-09-13","urn:lsid:marinespecies.org:taxname:1130577","1080029"
"1076456","×Cirsio-carduus","P.Fourn.","1076456","×Cirsio-carduus","P.Fourn.","","Plantae","Tracheophyta","Magnoliopsida","Asterales","Compositae","Genus","×Cirsio-carduus","","","","0","0","0","1","accepted","","2019-10-29","urn:lsid:marinespecies.org:taxname:1076456","1075089"
"1142056","×Cirsio-carduus borderi","(Rouy) Arènes","1142056","×Cirsio-carduus borderi","(Rouy) Arènes","","Plantae","Tracheophyta","Magnoliopsida","Asterales","Compositae","Species","×Cirsio-carduus","","borderi","","0","0","0","1","unassessed","","2013-09-13","urn:lsid:marinespecies.org:taxname:1142056","1076456"
"1113477","×Cirsio-carduus cirsiformis","(Vuk.) Arènes","1113477","×Cirsio-carduus cirsiformis","(Vuk.) Arènes","","Plantae","Tracheophyta","Magnoliopsida","Asterales","Compositae","Species","×Cirsio-carduus","","cirsiformis","","0","0","0","1","accepted","","2013-09-13","urn:lsid:marinespecies.org:taxname:1113477","1076456"
"1114069","×Cirsio-carduus hohenackeri","Arènes","1114069","×Cirsio-carduus hohenackeri","Arènes","","Plantae","Tracheophyta","Magnoliopsida","Asterales","Compositae","Species","×Cirsio-carduus","","hohenackeri","","0","0","0","1","accepted","","2013-09-13","urn:lsid:marinespecies.org:taxname:1114069","1076456"
"1114614","×Cirsio-carduus jaubertianus","(Sennen & Septimin) Arènes","1114614","×Cirsio-carduus jaubertianus","(Sennen & Septimin) Arènes","","Plantae","Tracheophyta","Magnoliopsida","Asterales","Compositae","Species","×Cirsio-carduus","","jaubertianus","","0","0","0","1","accepted","","2013-09-13","urn:lsid:marinespecies.org:taxname:1114614","1076456"
"1109516","×Cirsio-carduus lutetianus","Arènes","1109516","×Cirsio-carduus lutetianus","Arènes","","Plantae","Tracheophyta","Magnoliopsida","Asterales","Compositae","Species","×Cirsio-carduus","","lutetianus","","0","0","0","1","accepted","","2013-09-13","urn:lsid:marinespecies.org:taxname:1109516","1076456"
"1113882","×Cirsio-carduus parisiensis","P.Fourn.","1113882","×Cirsio-carduus parisiensis","P.Fourn.","","Plantae","Tracheophyta","Magnoliopsida","Asterales","Compositae","Species","×Cirsio-carduus","","parisiensis","","0","0","0","1","accepted","","2013-09-13","urn:lsid:marinespecies.org:taxname:1113882","1076456"
"1077190","×Colycea","Fern.Casas & Susanna","993732","Centaurea","L.","","Plantae","Tracheophyta","Magnoliopsida","Asterales","Compositae","Genus","×Colycea","","","","0","0","0","1","unaccepted","","2019-10-29","urn:lsid:marinespecies.org:taxname:1077190","1075156"
"1134841","×Colycea valdesii-bermejoi","(Fern.Casas & Susanna) Fern.Casas & Susanna","1134841","×Colycea valdesii-bermejoi","(Fern.Casas & Susanna) Fern.Casas & Susanna","","Plantae","Tracheophyta","Magnoliopsida","Asterales","Compositae","Species","×Colycea","","valdesii-bermejoi","","0","0","0","1","unassessed","","2013-09-13","urn:lsid:marinespecies.org:taxname:1134841","1077190"
"1078540","×Colymbacosta","Rauschert","993732","Centaurea","L.","","Plantae","Tracheophyta","Magnoliopsida","Asterales","Compositae","Genus","×Colymbacosta","","","","0","0","0","1","unaccepted","","2019-10-29","urn:lsid:marinespecies.org:taxname:1078540","1075156"
"1120812","×Colymbacosta genesii-lopezii","(Fern.Casas & Susanna) Fern.Casas & Susanna","1120812","×Colymbacosta genesii-lopezii","(Fern.Casas & Susanna) Fern.Casas & Susanna","","Plantae","Tracheophyta","Magnoliopsida","Asterales","Compositae","Species","×Colymbacosta","","genesii-lopezii","","0","0","0","1","unassessed","","2013-09-13","urn:lsid:marinespecies.org:taxname:1120812","1078540"
"1207885","×Colymbacosta grabowskiana","(Wagner) Rauschert","1100732","Centaurea ×grabowskiana","J.Wagner","","Plantae","Tracheophyta","Magnoliopsida","Asterales","Compositae","Species","×Colymbacosta","","grabowskiana","","0","0","0","1","unaccepted","","2013-09-13","urn:lsid:marinespecies.org:taxname:1207885","1078540"
"1077944","×Conygeron","Holub","1075753","×Conyzigeron","Rauschert","","Plantae","Tracheophyta","Magnoliopsida","Asterales","Compositae","Genus","×Conygeron","","","","0","0","0","1","unaccepted","","2025-03-05","urn:lsid:marinespecies.org:taxname:1077944","1075105"
"1145390","×Conygeron huelsenii","(Vatke) Holub","1145390","×Conygeron huelsenii","(Vatke) Holub","","Plantae","Tracheophyta","Magnoliopsida","Asterales","Compositae","Species","×Conygeron","","huelsenii","","0","0","0","1","unassessed","","2013-09-13","urn:lsid:marinespecies.org:taxname:1145390","1077944"
"1075753","×Conyzigeron","Rauschert","426002","Erigeron","L.","","Plantae","Tracheophyta","Magnoliopsida","Asterales","Compositae","Genus","×Conyzigeron","","","","0","0","0","1","unaccepted","","2025-03-05","urn:lsid:marinespecies.org:taxname:1075753","1075105"
"1102177","×Conyzigeron huelsenii","(Vatke) Rauschert","1102177","×Conyzigeron huelsenii","(Vatke) Rauschert","","Plantae","Tracheophyta","Magnoliopsida","Asterales","Compositae","Species","×Conyzigeron","","huelsenii","","0","0","0","1","accepted","","2013-09-13","urn:lsid:marinespecies.org:taxname:1102177","1075753"
"1077476","×Crepidiastrixeris","Kitam.","1075352","Crepidiastrum","Nakai","","Plantae","Tracheophyta","Magnoliopsida","Asterales","Compositae","Genus","×Crepidiastrixeris","","","","0","0","0","1","unaccepted","","2013-09-13","urn:lsid:marinespecies.org:taxname:1077476","1074862"
"1182432","×Crepidiastrixeris denticulato-lanceolata","Kitam.","1096465","Crepidiastrum muratagenii","H.Ohashi & K.Ohashi","","Plantae","Tracheophyta","Magnoliopsida","Asterales","Compositae","Species","×Crepidiastrixeris","","denticulato-lanceolata","","0","0","0","1","unaccepted","","2013-09-13","urn:lsid:marinespecies.org:taxname:1182432","1077476"
"1184807","×Crepidiastrixeris denticulato-platyphylla","(Makino) Kitam.","1107488","Crepidiastrum ×nakaii","H.Ohashi & K. Ohashi","","Plantae","Tracheophyta","Magnoliopsida","Asterales","Compositae","Species","×Crepidiastrixeris","","denticulato-platyphylla","","0","0","0","1","unaccepted","","2013-09-13","urn:lsid:marinespecies.org:taxname:1184807","1077476"
"1195321","×Crepidiastrixeris surugensis","(Hisauti) Kitam.","1098607","Crepidiastrum surugense","(Hisauti) Yonek.","","Plantae","Tracheophyta","Magnoliopsida","Asterales","Compositae","Species","×Crepidiastrixeris","","surugensis","","0","0","0","1","unaccepted","","2013-09-13","urn:lsid:marinespecies.org:taxname:1195321","1077476"
"1076534","×Crepi-Hieracium","P.Fourn.","1076534","×Crepi-Hieracium","P.Fourn.","","Plantae","Tracheophyta","Magnoliopsida","Asterales","Compositae","Genus","×Crepi-Hieracium","","","","0","0","0","1","accepted","","2019-10-29","urn:lsid:marinespecies.org:taxname:1076534","1075130"
"1088772","×Crepi-Hieracium garnieri","(Petitm.) P.Fourn.","1088772","×Crepi-Hieracium garnieri","(Petitm.) P.Fourn.","","Plantae","Tracheophyta","Magnoliopsida","Asterales","Compositae","Species","×Crepi-Hieracium","","garnieri","","0","0","0","1","accepted","","2013-09-13","urn:lsid:marinespecies.org:taxname:1088772","1076534"
"1076499","×Filfia","Holub","1076499","×Filfia","Holub","","Plantae","Tracheophyta","Magnoliopsida","Asterales","Compositae","Genus","×Filfia","","","","0","0","0","1","accepted","","2013-09-13","urn:lsid:marinespecies.org:taxname:1076499","1150205"
"1110652","×Filfia mixta","(Holuby) Holub","1110652","×Filfia mixta","(Holuby) Holub","","Plantae","Tracheophyta","Magnoliopsida","Asterales","Compositae","Species","×Filfia","","mixta","","0","0","0","1","accepted","","2013-09-13","urn:lsid:marinespecies.org:taxname:1110652","1076499"
"1078504","×Giflifa","","1075970","Filago","Loefl. ex L.","","Plantae","Tracheophyta","Magnoliopsida","Asterales","Compositae","Genus","×Giflifa","","","","0","0","0","1","unaccepted","","2013-09-13","urn:lsid:marinespecies.org:taxname:1078504","1150205"
"1120302","×Giflifa mixta","(Holuby) Chrtek & Holub","1120302","×Giflifa mixta","(Holuby) Chrtek & Holub","","Plantae","Tracheophyta","Magnoliopsida","Asterales","Compositae","Species","×Giflifa","","mixta","","0","0","0","1","unassessed","","2013-09-13","urn:lsid:marinespecies.org:taxname:1120302","1078504"
"1081027","×Heterokalimeris","Kitam.","1081027","×Heterokalimeris","Kitam.","","Plantae","Tracheophyta","Magnoliopsida","Asterales","Compositae","Genus","×Heterokalimeris","","","","0","0","0","1","unassessed","","2013-09-13","urn:lsid:marinespecies.org:taxname:1081027","1074873"
"1136072","×Heterokalimeris maruyamae","Kitam.","1136072","×Heterokalimeris maruyamae","Kitam.","","Plantae","Tracheophyta","Magnoliopsida","Asterales","Compositae","Species","×Heterokalimeris","","maruyamae","","0","0","0","1","unassessed","","2013-09-13","urn:lsid:marinespecies.org:taxname:1136072","1081027"
"1828915","×prolifulcus","Carse","1828915","×prolifulcus","Carse","","Plantae","Tracheophyta","Magnoliopsida","Poales","Cyperaceae","Species","","","×prolifulcus","","0","0","0","1","accepted","","2025-08-19","urn:lsid:marinespecies.org:taxname:1828915","382428"
"1828914","×prolifundus","Carse","1828914","×prolifundus","Carse","","Plantae","Tracheophyta","Magnoliopsida","Poales","Cyperaceae","Species","","","×prolifundus","","0","0","0","1","accepted","","2025-08-19","urn:lsid:marinespecies.org:taxname:1828914","382428"
"1828913","×Raymondiella","B.Boivin","1828913","×Raymondiella","B.Boivin","","Plantae","Tracheophyta","Magnoliopsida","Poales","Cyperaceae","Species","","","×Raymondiella","","0","0","0","1","accepted","","2025-08-19","urn:lsid:marinespecies.org:taxname:1828913","382428"
"1076322","×Solidaster","H.R. Wehrh.","1076322","×Solidaster","H.R. Wehrh.","","Plantae","Tracheophyta","Magnoliopsida","Asterales","Compositae","Genus","×Solidaster","","","","0","0","0","1","accepted","","2021-08-24","urn:lsid:marinespecies.org:taxname:1076322","1075085"
"1134281","×Solidaster hybridus","Wehrhahn","1134281","×Solidaster hybridus","Wehrhahn","","Plantae","Tracheophyta","Magnoliopsida","Asterales","Compositae","Species","×Solidaster","","hybridus","","0","0","0","1","unassessed","","2013-09-13","urn:lsid:marinespecies.org:taxname:1134281","1076322"
"1095482","×Solidaster lutens","M.L.Green","1095482","×Solidaster lutens","M.L.Green","","Plantae","Tracheophyta","Magnoliopsida","Asterales","Compositae","Species","×Solidaster","","lutens","","0","0","0","1","accepted","","2013-09-13","urn:lsid:marinespecies.org:taxname:1095482","1076322"
"1137507","×Solidaster luteus","(Everett) M.L.Green","1137507","×Solidaster luteus","(Everett) M.L.Green","","Plantae","Tracheophyta","Magnoliopsida","Asterales","Compositae","Species","×Solidaster","","luteus","","0","0","0","1","unassessed","","2013-09-13","urn:lsid:marinespecies.org:taxname:1137507","1076322"
"1099235","×Solidaster luteus","(Everett) M.L.Green ex Dress","1099235","×Solidaster luteus","(Everett) M.L.Green ex Dress","","Plantae","Tracheophyta","Magnoliopsida","Asterales","Compositae","Species","×Solidaster","","luteus","","0","0","0","1","accepted","","2013-09-13","urn:lsid:marinespecies.org:taxname:1099235","1076322"
"995316","Aaadonta","Solem, 1976","995316","Aaadonta","Solem, 1976","0","Animalia","Mollusca","Gastropoda","Stylommatophora","Endodontidae","Genus","Aaadonta","","","","0","0","0","1","accepted","","2025-07-31","urn:lsid:marinespecies.org:taxname:995316","851174"
"1264838","Aaadonta angaurana","Solem, 1976","1264838","Aaadonta angaurana","Solem, 1976","0","Animalia","Mollusca","Gastropoda","Stylommatophora","Endodontidae","Species","Aaadonta","","angaurana","","0","0","0","1","accepted","","2018-07-16","urn:lsid:marinespecies.org:taxname:1264838","995316"
"1264832","Aaadonta constricta","(C. Semper, 1874)","1264832","Aaadonta constricta","(C. Semper, 1874)","0","Animalia","Mollusca","Gastropoda","Stylommatophora","Endodontidae","Species","Aaadonta","","constricta","","0","0","0","1","accepted","","2020-07-09","urn:lsid:marinespecies.org:taxname:1264832","995316"
"1264833","Aaadonta constricta babelthuapi","Solem, 1976","1264833","Aaadonta constricta babelthuapi","Solem, 1976","0","Animalia","Mollusca","Gastropoda","Stylommatophora","Endodontidae","Subspecies","Aaadonta","","constricta","babelthuapi","0","0","0","1","accepted","","2018-07-16","urn:lsid:marinespecies.org:taxname:1264833","1264832"
"1286894","Aaadonta constricta constricta","(C. Semper, 1874)","1286894","Aaadonta constricta constricta","(C. Semper, 1874)","0","Animalia","Mollusca","Gastropoda","Stylommatophora","Endodontidae","Subspecies","Aaadonta","","constricta","constricta","0","0","0","1","accepted","","2021-12-24","urn:lsid:marinespecies.org:taxname:1286894","1264832"
"1264834","Aaadonta constricta komakanensis","Solem, 1976","1264834","Aaadonta constricta komakanensis","Solem, 1976","0","Animalia","Mollusca","Gastropoda","Stylommatophora","Endodontidae","Subspecies","Aaadonta","","constricta","komakanensis","0","0","0","1","accepted","","2018-07-16","urn:lsid:marinespecies.org:taxname:1264834","1264832"
"1264835","Aaadonta fuscozonata","(R. H. Beddome, 1889)","1264835","Aaadonta fuscozonata","(R. H. Beddome, 1889)","0","Animalia","Mollusca","Gastropoda","Stylommatophora","Endodontidae","Species","Aaadonta","","fuscozonata","","0","0","0","1","accepted","","2022-09-23","urn:lsid:marinespecies.org:taxname:1264835","995316"
"1264836","Aaadonta fuscozonata depressa","Solem, 1976","1264836","Aaadonta fuscozonata depressa","Solem, 1976","0","Animalia","Mollusca","Gastropoda","Stylommatophora","Endodontidae","Subspecies","Aaadonta","","fuscozonata","depressa","0","0","0","1","accepted","","2018-07-16","urn:lsid:marinespecies.org:taxname:1264836","1264835"
"1286895","Aaadonta fuscozonata fuscozonata","(R. H. Beddome, 1889)","1286895","Aaadonta fuscozonata fuscozonata","(R. H. Beddome, 1889)","0","Animalia","Mollusca","Gastropoda","Stylommatophora","Endodontidae","Subspecies","Aaadonta","","fuscozonata","fuscozonata","0","0","0","1","accepted","","2022-09-23","urn:lsid:marinespecies.org:taxname:1286895","1264835"
"1264859","Aaadonta irregularis","(C. Semper, 1874)","1264859","Aaadonta irregularis","(C. Semper, 1874)","0","Animalia","Mollusca","Gastropoda","Stylommatophora","Endodontidae","Species","Aaadonta","","irregularis","","0","0","0","1","accepted","","2020-02-16","urn:lsid:marinespecies.org:taxname:1264859","995316"
"1264839","Aaadonta kinlochi","Solem, 1976","1264839","Aaadonta kinlochi","Solem, 1976","0","Animalia","Mollusca","Gastropoda","Stylommatophora","Endodontidae","Species","Aaadonta","","kinlochi","","0","0","0","1","accepted","","2018-07-16","urn:lsid:marinespecies.org:taxname:1264839","995316"
"1264837","Aaadonta pelewana","Solem, 1976","1264837","Aaadonta pelewana","Solem, 1976","0","Animalia","Mollusca","Gastropoda","Stylommatophora","Endodontidae","Species","Aaadonta","","pelewana","","0","0","0","1","accepted","","2018-07-16","urn:lsid:marinespecies.org:taxname:1264837","995316"
"184556","Aaata","de Laubenfels, 1930","167605","Clathria (Microciona)","Bowerbank, 1862","0","Animalia","Porifera","Demospongiae","Poecilosclerida","Microcionidae","Genus","Aaata","","","","1","0","0","0","unaccepted","preoccupied and junior synonym","2023-08-22","urn:lsid:marinespecies.org:taxname:184556","167457"
"189792","Aaata brepha","Laubenfels, 1930","167621","Clathria (Microciona) brepha","(de Laubenfels, 1930)","0","Animalia","Porifera","Demospongiae","Poecilosclerida","Microcionidae","Species","Aaata","","brepha","","1","0","0","0","unaccepted","","2017-11-21","urn:lsid:marinespecies.org:taxname:189792","184556"
"189793","Aaata spongigartina","de Laubenfels, 1930","167687","Clathria (Microciona) spongigartina","(de Laubenfels, 1930)","0","Animalia","Porifera","Demospongiae","Poecilosclerida","Microcionidae","Species","Aaata","","spongigartina","","1","0","0","0","unaccepted","genus transfer","2023-08-22","urn:lsid:marinespecies.org:taxname:189793","184556"
"769244","Aahithis","Schallreuter, 1988","769244","Aahithis","Schallreuter, 1988","1","Animalia","Arthropoda","Ostracoda","Palaeocopida","Tetradellidae","Genus","Aahithis","","","","1","","0","0","accepted","","2016-05-17","urn:lsid:marinespecies.org:taxname:769244","715486"
"772289","Aahithis erraticus","(Schallreuter, 1985)","772289","Aahithis erraticus","(Schallreuter, 1985)","1","Animalia","Arthropoda","Ostracoda","Palaeocopida","Tetradellidae","Species","Aahithis","","erraticus","","1","","0","0","accepted","","2024-05-16","urn:lsid:marinespecies.org:taxname:772289","769244"
"772294","Aahithis vanspronsenae","Schallreuter, 1988","772294","Aahithis vanspronsenae","Schallreuter, 1988","1","Animalia","Arthropoda","Ostracoda","Palaeocopida","Tetradellidae","Species","Aahithis","","vanspronsenae","","1","","0","0","accepted","","2023-05-03","urn:lsid:marinespecies.org:taxname:772294","769244"
"1786267","Aaleniella","M. A. Conti & J. C. Fischer, 1981","1786267","Aaleniella","M. A. Conti & J. C. Fischer, 1981","1","Animalia","Mollusca","Gastropoda","Trochida","Trochidae","Genus","Aaleniella","","","","1","0","0","0","unreplaced junior homonym","","2025-01-04","urn:lsid:marinespecies.org:taxname:1786267","443"
"768436","Aaleniella","Plumhoff, 1963","768436","Aaleniella","Plumhoff, 1963","1","Animalia","Arthropoda","Ostracoda","Podocopida","Eucytheridae","Genus","Aaleniella","","","","1","","0","0","accepted","","2014-07-28","urn:lsid:marinespecies.org:taxname:768436","127499"
"768784","Aaleniella (Aaleniella)","Plumhoff, 1963","768784","Aaleniella (Aaleniella)","Plumhoff, 1963","1","Animalia","Arthropoda","Ostracoda","Podocopida","Eucytheridae","Subgenus","Aaleniella","Aaleniella","","","1","","0","0","accepted","","2014-07-28","urn:lsid:marinespecies.org:taxname:768784","768436"
"811364","Aaleniella (Aaleniella) compressa","Plumhoff, 1963","811364","Aaleniella (Aaleniella) compressa","Plumhoff, 1963","1","Animalia","Arthropoda","Ostracoda","Podocopida","Eucytheridae","Species","Aaleniella","Aaleniella","compressa","","1","","0","0","accepted","","2024-05-17","urn:lsid:marinespecies.org:taxname:811364","768784"
"768783","Aaleniella (Danocythere)","Christensen & Kilenyi, 1970","768783","Aaleniella (Danocythere)","Christensen & Kilenyi, 1970","1","Animalia","Arthropoda","Ostracoda","Podocopida","Eucytheridae","Subgenus","Aaleniella","Danocythere","","","1","","0","0","accepted","","2014-07-28","urn:lsid:marinespecies.org:taxname:768783","768436"
"772291","Aaleniella (Danocythere) gracilis","Christensen & Kilenyi, 1970","772291","Aaleniella (Danocythere) gracilis","Christensen & Kilenyi, 1970","1","Animalia","Arthropoda","Ostracoda","Podocopida","Eucytheridae","Species","Aaleniella","Danocythere","gracilis","","1","","0","0","accepted","","2023-05-03","urn:lsid:marinespecies.org:taxname:772291","768783"
"772298","Aaleniella (Danocythere) inornata","(Kilenyi, 1969)","772298","Aaleniella (Danocythere) inornata","(Kilenyi, 1969)","1","Animalia","Arthropoda","Ostracoda","Podocopida","Eucytheridae","Species","Aaleniella","Danocythere","inornata","","1","","0","0","accepted","","2023-05-03","urn:lsid:marinespecies.org:taxname:772298","768783"
"772295","Aaleniella compressa","Plumhoff, 1963","811364","Aaleniella (Aaleniella) compressa","Plumhoff, 1963","1","Animalia","Arthropoda","Ostracoda","Podocopida","Eucytheridae","Species","Aaleniella","","compressa","","1","","0","0","alternative representation","","2024-05-17","urn:lsid:marinespecies.org:taxname:772295","768436"
"772296","Aaleniella cuneata","Wakefield, 1994","772296","Aaleniella cuneata","Wakefield, 1994","1","Animalia","Arthropoda","Ostracoda","Podocopida","Eucytheridae","Species","Aaleniella","","cuneata","","1","","0","0","accepted","","2024-04-26","urn:lsid:marinespecies.org:taxname:772296","768436"
"1749507","Aaleniella franzi","Tesakova, E. M.","1749507","Aaleniella franzi","Tesakova, E. M.","1","Animalia","Arthropoda","Ostracoda","Podocopida","Eucytheridae","Species","Aaleniella","","franzi","","1","","0","0","accepted","","2024-04-30","urn:lsid:marinespecies.org:taxname:1749507","768436"
"772297","Aaleniella reticulata","Knitter, 1983","772297","Aaleniella reticulata","Knitter, 1983","1","Animalia","Arthropoda","Ostracoda","Podocopida","Eucytheridae","Species","Aaleniella","","reticulata","","1","","0","0","accepted","","2024-11-21","urn:lsid:marinespecies.org:taxname:772297","768436"
"1786268","Aaleniella umbriensis","M. A. Conti & J. C. Fischer, 1981","1786268","Aaleniella umbriensis","M. A. Conti & J. C. Fischer, 1981","1","Animalia","Mollusca","Gastropoda","Trochida","Trochidae","Species","Aaleniella","","umbriensis","","1","0","0","0","accepted","","2025-01-04","urn:lsid:marinespecies.org:taxname:1786268","1786267"
"1786272","Aaleniella variata","M. A. Conti & J. C. Fischer, 1981","1786272","Aaleniella variata","M. A. Conti & J. C. Fischer, 1981","1","Animalia","Mollusca","Gastropoda","Trochida","Trochidae","Species","Aaleniella","","variata","","1","0","0","0","accepted","","2025-01-04","urn:lsid:marinespecies.org:taxname:1786272","1786267"
"1749512","Aaleniella volganica","Tesakova, E. M.","1749512","Aaleniella volganica","Tesakova, E. M.","1","Animalia","Arthropoda","Ostracoda","Podocopida","Eucytheridae","Species","Aaleniella","","volganica","","1","0","0","0","accepted","","2024-04-30","urn:lsid:marinespecies.org:taxname:1749512","768436"
"826822","Aapticheilichthys","Huber, 2011","826822","Aapticheilichthys","Huber, 2011","","Animalia","Chordata","Teleostei","Cyprinodontiformes","Poeciliidae","Genus","Aapticheilichthys","","","","0","0","1","0","accepted","","2014-11-25","urn:lsid:marinespecies.org:taxname:826822","267075"
"1026895","Aapticheilichthys websteri","(Huber, 2007)","1026895","Aapticheilichthys websteri","(Huber, 2007)","","Animalia","Chordata","Teleostei","Cyprinodontiformes","Poeciliidae","Species","Aapticheilichthys","","websteri","","0","0","1","0","accepted","","2017-08-10","urn:lsid:marinespecies.org:taxname:1026895","826822"
"1733733","Aaptochiton","R. D. Hoare & Karasawa, 2008","1733733","Aaptochiton","R. D. Hoare & Karasawa, 2008","1","Animalia","Mollusca","Polyplacophora","Lepidopleurida","Gryphochitonidae","Genus","Aaptochiton","","","","1","0","0","0","accepted","","2024-02-10","urn:lsid:marinespecies.org:taxname:1733733","1353759"
"1733736","Aaptochiton pustulosus","R. D. Hoare & Karasawa, 2008","1733736","Aaptochiton pustulosus","R. D. Hoare & Karasawa, 2008","1","Animalia","Mollusca","Polyplacophora","Lepidopleurida","Gryphochitonidae","Species","Aaptochiton","","pustulosus","","1","0","0","0","accepted","","2024-02-10","urn:lsid:marinespecies.org:taxname:1733736","1733733"
"292960","Aaptolasma","Newman & Ross, 1971","106135","Hexelasma","Hoek, 1913","","Animalia","Arthropoda","Thecostraca","Balanomorpha","Bathylasmatidae","Genus","Aaptolasma","","","","1","","","","unaccepted","synonym","2013-07-03","urn:lsid:marinespecies.org:taxname:292960","106079"
"409940","Aaptolasma americanum","(Pilsbry, 1916)","106242","Hexelasma americanum","Pilsbry, 1916","","Animalia","Arthropoda","Thecostraca","Balanomorpha","Bathylasmatidae","Species","Aaptolasma","","americanum","","1","","","","unaccepted","synonym","2013-07-02","urn:lsid:marinespecies.org:taxname:409940","292960"
"733741","Aaptolasma arafurae","(Hoek, 1883)","733262","Hexelasma arafurae","Hoek, 1913","","Animalia","Arthropoda","Thecostraca","Balanomorpha","Bathylasmatidae","Species","Aaptolasma","","arafurae","","1","","","","unaccepted","synonym","2013-07-03","urn:lsid:marinespecies.org:taxname:733741","292960"
"409941","Aaptolasma brintoni","Newman & Ross, 1971","733264","Hexelasma brintoni","(Newman & Ross, 1971)","","Animalia","Arthropoda","Thecostraca","Balanomorpha","Bathylasmatidae","Species","Aaptolasma","","brintoni","","1","","","","unaccepted","synonym","2013-07-03","urn:lsid:marinespecies.org:taxname:409941","292960"
"409942","Aaptolasma callistoderma","(Pilsbry, 1911)","733265","Hexelasma callistoderma","Pilsbry, 1911","","Animalia","Arthropoda","Thecostraca","Balanomorpha","Bathylasmatidae","Species","Aaptolasma","","callistoderma","","1","","","","unaccepted","synonym","2013-07-03","urn:lsid:marinespecies.org:taxname:409942","292960"
"733742","Aaptolasma ecaudatum","(Hiro, 1933)","733244","Pachylasma ecaudatum","Hiro, 1939","","Animalia","Arthropoda","Thecostraca","Balanomorpha","Bathylasmatidae","Species","Aaptolasma","","ecaudatum","","1","","","","unaccepted","synonym","2013-07-03","urn:lsid:marinespecies.org:taxname:733742","292960"
"292961","Aaptolasma fosteri","(Newman & Ross, 1971)","733255","Mesolasma fosteri","(Newman & Ross, 1981)","0","Animalia","Arthropoda","Thecostraca","Balanomorpha","Bathylasmatidae","Species","Aaptolasma","","fosteri","","1","","","","unaccepted","transferred to Mesolasma by Foster, 1981","2013-07-03","urn:lsid:marinespecies.org:taxname:292961","292960"
"409943","Aaptolasma leptoderma","Newman & Ross, 1971","733270","Hexelasma leptoderma","(Newman & Ross, 1971)","","Animalia","Arthropoda","Thecostraca","Balanomorpha","Bathylasmatidae","Species","Aaptolasma","","leptoderma","","1","","","","unaccepted","synonym","2013-07-03","urn:lsid:marinespecies.org:taxname:409943","292960"
"292962","Aaptolasma nolearia","Foster, 1978","733271","Hexelasma nolearia","Foster, 1978","","Animalia","Arthropoda","Thecostraca","Balanomorpha","Bathylasmatidae","Species","Aaptolasma","","nolearia","","1","","","","unaccepted","synonym","2013-07-03","urn:lsid:marinespecies.org:taxname:292962","292960"
"409944","Aaptolasma triderma","Newman & Ross, 1971","733274","Hexelasma triderma","(Newman & Ross, 1971)","","Animalia","Arthropoda","Thecostraca","Balanomorpha","Bathylasmatidae","Species","Aaptolasma","","triderma","","1","","","","unaccepted","synonym","2013-07-03","urn:lsid:marinespecies.org:taxname:409944","292960"
"132064","Aaptos","Gray, 1867","132064","Aaptos","Gray, 1867","","Animalia","Porifera","Demospongiae","Suberitida","Suberitidae","Genus","Aaptos","","","","1","0","0","0","accepted","","2021-07-01","urn:lsid:marinespecies.org:taxname:132064","131676"
"134241","Aaptos aaptos","(Schmidt, 1864)","134241","Aaptos aaptos","(Schmidt, 1864)","","Animalia","Porifera","Demospongiae","Suberitida","Suberitidae","Species","Aaptos","","aaptos","","1","0","0","0","accepted","","2006-03-02","urn:lsid:marinespecies.org:taxname:134241","132064"
"170730","Aaptos aaptos var. nigra","Lévi, 1961","1036801","Aaptos lobata","Calcinai, Bastari, Bertolino & Pansini, 2017","0","Animalia","Porifera","Demospongiae","Suberitida","Suberitidae","Variety","Aaptos","","aaptos","","1","0","0","0","unavailable name","ICZN art. 15.2","2024-01-27","urn:lsid:marinespecies.org:taxname:170730","134241"
"1541673","Aaptos aaptos var. nigra","Topsent, 1934","134241","Aaptos aaptos","(Schmidt, 1864)","0","Animalia","Porifera","Demospongiae","Suberitida","Suberitidae","Variety","Aaptos","","aaptos","","1","0","0","0","unaccepted","junior synonym","2024-01-27","urn:lsid:marinespecies.org:taxname:1541673","134241"
"189794","Aaptos adriatica","Gray, 1867","134241","Aaptos aaptos","(Schmidt, 1864)","0","Animalia","Porifera","Demospongiae","Suberitida","Suberitidae","Species","Aaptos","","adriatica","","1","0","0","0","unaccepted","junior synonym","2009-01-12","urn:lsid:marinespecies.org:taxname:189794","132064"
"234246","Aaptos alphiensis","Samaai & Gibbons, 2005","234246","Aaptos alphiensis","Samaai & Gibbons, 2005","0","Animalia","Porifera","Demospongiae","Suberitida","Suberitidae","Species","Aaptos","","alphiensis","","1","0","0","0","accepted","","2009-06-18","urn:lsid:marinespecies.org:taxname:234246","132064"
"170731","Aaptos bergmanni","de Laubenfels, 1950","170731","Aaptos bergmanni","de Laubenfels, 1950","","Animalia","Porifera","Demospongiae","Suberitida","Suberitidae","Species","Aaptos","","bergmanni","","1","0","0","0","accepted","","2006-08-31","urn:lsid:marinespecies.org:taxname:170731","132064"
"189795","Aaptos chromis","de Laubenfels, 1954","170743","Aaptos suberitoides","(Brøndsted, 1934)","0","Animalia","Porifera","Demospongiae","Suberitida","Suberitidae","Species","Aaptos","","chromis","","1","0","0","0","unaccepted","junior synonym","2021-01-15","urn:lsid:marinespecies.org:taxname:189795","132064"
"170732","Aaptos ciliata","(Wilson, 1925)","170732","Aaptos ciliata","(Wilson, 1925)","","Animalia","Porifera","Demospongiae","Suberitida","Suberitidae","Species","Aaptos","","ciliata","","1","0","0","0","accepted","","2006-08-31","urn:lsid:marinespecies.org:taxname:170732","132064"
"170733","Aaptos conferta","Kelly-Borges & Bergquist, 1994","170733","Aaptos conferta","Kelly-Borges & Bergquist, 1994","0","Animalia","Porifera","Demospongiae","Suberitida","Suberitidae","Species","Aaptos","","conferta","","1","0","0","0","accepted","","2022-07-08","urn:lsid:marinespecies.org:taxname:170733","132064"
"1593129","Aaptos confertus","Kelly-Borges & Bergquist, 1994","170733","Aaptos conferta","Kelly-Borges & Bergquist, 1994","0","Animalia","Porifera","Demospongiae","Suberitida","Suberitidae","Species","Aaptos","","confertus","","1","0","0","0","unaccepted","agreement in gender","2022-07-08","urn:lsid:marinespecies.org:taxname:1593129","132064"
"170734","Aaptos duchassaingi","(Topsent, 1889)","170734","Aaptos duchassaingi","(Topsent, 1889)","","Animalia","Porifera","Demospongiae","Suberitida","Suberitidae","Species","Aaptos","","duchassaingi","","1","0","0","0","accepted","","2006-08-31","urn:lsid:marinespecies.org:taxname:170734","132064"
"170735","Aaptos durissima","(Carter, 1882)","170735","Aaptos durissima","(Carter, 1882)","0","Animalia","Porifera","Demospongiae","Suberitida","Suberitidae","Species","Aaptos","","durissima","","1","0","0","0","accepted","","2011-01-18","urn:lsid:marinespecies.org:taxname:170735","132064"
"170736","Aaptos globosa","Kelly-Borges & Bergquist, 1994","170736","Aaptos globosa","Kelly-Borges & Bergquist, 1994","0","Animalia","Porifera","Demospongiae","Suberitida","Suberitidae","Species","Aaptos","","globosa","","1","0","0","0","accepted","","2022-07-08","urn:lsid:marinespecies.org:taxname:170736","132064"
"1593128","Aaptos globosum","Kelly-Borges & Bergquist, 1994","170736","Aaptos globosa","Kelly-Borges & Bergquist, 1994","0","Animalia","Porifera","Demospongiae","Suberitida","Suberitidae","Species","Aaptos","","globosum","","1","0","0","0","unaccepted","agreement in gender","2022-07-08","urn:lsid:marinespecies.org:taxname:1593128","132064"
"597269","Aaptos glutinans","Moraes, 2011","597269","Aaptos glutinans","Moraes, 2011","","Animalia","Porifera","Demospongiae","Suberitida","Suberitidae","Species","Aaptos","","glutinans","","1","","","0","accepted","","2012-04-19","urn:lsid:marinespecies.org:taxname:597269","132064"
"746019","Aaptos hajdui","Carvalho, da Silva & Pinheiro, 2013","746019","Aaptos hajdui","Carvalho, da Silva & Pinheiro, 2013","","Animalia","Porifera","Demospongiae","Suberitida","Suberitidae","Species","Aaptos","","hajdui","","1","0","0","0","accepted","","2013-12-21","urn:lsid:marinespecies.org:taxname:746019","132064"
"170737","Aaptos horrida","(Carter, 1886)","170737","Aaptos horrida","(Carter, 1886)","0","Animalia","Porifera","Demospongiae","Suberitida","Suberitidae","Species","Aaptos","","horrida","","1","0","0","0","accepted","","2010-02-15","urn:lsid:marinespecies.org:taxname:170737","132064"
"1732397","Aaptos hoshinoi","Van Soest, 2024","1732397","Aaptos hoshinoi","Van Soest, 2024","0","Animalia","Porifera","Demospongiae","Suberitida","Suberitidae","Species","Aaptos","","hoshinoi","","1","0","0","0","accepted","","2024-01-27","urn:lsid:marinespecies.org:taxname:1732397","132064"
"1792331","Aaptos incrustans","Payne, Samaai & Gibbons, 2025","1792331","Aaptos incrustans","Payne, Samaai & Gibbons, 2025","0","Animalia","Porifera","Demospongiae","Suberitida","Suberitidae","Species","Aaptos","","incrustans","","1","0","0","0","accepted","","2025-01-22","urn:lsid:marinespecies.org:taxname:1792331","132064"
"370514","Aaptos kanuux","Lehnert, Hocevar & Stone, 2008","370514","Aaptos kanuux","Lehnert, Hocevar & Stone, 2008","0","Animalia","Porifera","Demospongiae","Suberitida","Suberitidae","Species","Aaptos","","kanuux","","1","0","0","0","accepted","","2008-11-21","urn:lsid:marinespecies.org:taxname:370514","132064"
"325577","Aaptos laxosuberites","(Sollas, 1902)","325577","Aaptos laxosuberites","(Sollas, 1902)","0","Animalia","Porifera","Demospongiae","Suberitida","Suberitidae","Species","Aaptos","","laxosuberites","","1","0","0","0","accepted","","2008-03-10","urn:lsid:marinespecies.org:taxname:325577","132064"
"170738","Aaptos lithophaga","(Wiedenmayer, 1977)","170741","Aaptos pernucleata","(Carter, 1870)","0","Animalia","Porifera","Demospongiae","Suberitida","Suberitidae","Species","Aaptos","","lithophaga","","1","0","0","0","unaccepted","junior synonym","2009-08-07","urn:lsid:marinespecies.org:taxname:170738","132064"
"1036801","Aaptos lobata","Calcinai, Bastari, Bertolino & Pansini, 2017","1036801","Aaptos lobata","Calcinai, Bastari, Bertolino & Pansini, 2017","","Animalia","Porifera","Demospongiae","Suberitida","Suberitidae","Species","Aaptos","","lobata","","1","0","0","0","accepted","","2017-09-28","urn:lsid:marinespecies.org:taxname:1036801","132064"
"170739","Aaptos niger","Hoshino, 1981","1732397","Aaptos hoshinoi","Van Soest, 2024","0","Animalia","Porifera","Demospongiae","Suberitida","Suberitidae","Species","Aaptos","","niger","","1","0","0","0","unaccepted","preoccupied","2024-01-27","urn:lsid:marinespecies.org:taxname:170739","132064"
"1517728","Aaptos nigra","Hoshino, 1981","1732397","Aaptos hoshinoi","Van Soest, 2024","0","Animalia","Porifera","Demospongiae","Suberitida","Suberitidae","Species","Aaptos","","nigra","","1","0","0","0","unaccepted","preoccupied","2024-01-27","urn:lsid:marinespecies.org:taxname:1517728","132064"
"170740","Aaptos nuda","(Kirkpatrick, 1903)","170740","Aaptos nuda","(Kirkpatrick, 1903)","","Animalia","Porifera","Demospongiae","Suberitida","Suberitidae","Species","Aaptos","","nuda","","1","0","0","0","accepted","","2006-08-31","urn:lsid:marinespecies.org:taxname:170740","132064"
"134242","Aaptos papillata","(Keller, 1880)","134242","Aaptos papillata","(Keller, 1880)","","Animalia","Porifera","Demospongiae","Suberitida","Suberitidae","Species","Aaptos","","papillata","","1","0","0","0","accepted","","2006-10-19","urn:lsid:marinespecies.org:taxname:134242","132064"
"170741","Aaptos pernucleata","(Carter, 1870)","170741","Aaptos pernucleata","(Carter, 1870)","","Animalia","Porifera","Demospongiae","Suberitida","Suberitidae","Species","Aaptos","","pernucleata","","1","0","0","0","accepted","","2006-08-31","urn:lsid:marinespecies.org:taxname:170741","132064"
"746020","Aaptos potiguarensis","Carvalho, da Silva & Pinheiro, 2013","746020","Aaptos potiguarensis","Carvalho, da Silva & Pinheiro, 2013","","Animalia","Porifera","Demospongiae","Suberitida","Suberitidae","Species","Aaptos","","potiguarensis","","1","0","0","0","accepted","","2013-12-21","urn:lsid:marinespecies.org:taxname:746020","132064"
"408757","Aaptos robustus","Plotkin & Janussen, 2008","408757","Aaptos robustus","Plotkin & Janussen, 2008","0","Animalia","Porifera","Demospongiae","Suberitida","Suberitidae","Species","Aaptos","","robustus","","1","0","0","0","accepted","","2009-07-10","urn:lsid:marinespecies.org:taxname:408757","132064"
"170742","Aaptos rosacea","Kelly-Borges & Bergquist, 1994","170742","Aaptos rosacea","Kelly-Borges & Bergquist, 1994","","Animalia","Porifera","Demospongiae","Suberitida","Suberitidae","Species","Aaptos","","rosacea","","1","0","0","0","accepted","","2006-08-31","urn:lsid:marinespecies.org:taxname:170742","132064"
"766263","Aaptos simplex","(Lambe, 1893)","766263","Aaptos simplex","(Lambe, 1893)","","Animalia","Porifera","Demospongiae","Suberitida","Suberitidae","Species","Aaptos","","simplex","","1","0","0","0","accepted","","2014-06-30","urn:lsid:marinespecies.org:taxname:766263","132064"
"170743","Aaptos suberitoides","(Brøndsted, 1934)","170743","Aaptos suberitoides","(Brøndsted, 1934)","0","Animalia","Porifera","Demospongiae","Suberitida","Suberitidae","Species","Aaptos","","suberitoides","","1","0","0","0","accepted","","2007-08-29","urn:lsid:marinespecies.org:taxname:170743","132064"
"170744","Aaptos tenta","Kelly-Borges & Bergquist, 1994","170744","Aaptos tenta","Kelly-Borges & Bergquist, 1994","0","Animalia","Porifera","Demospongiae","Suberitida","Suberitidae","Species","Aaptos","","tenta","","1","0","0","0","accepted","","2022-07-08","urn:lsid:marinespecies.org:taxname:170744","132064"
"1593127","Aaptos tentum","Kelly-Borges & Bergquist, 1994","170744","Aaptos tenta","Kelly-Borges & Bergquist, 1994","0","Animalia","Porifera","Demospongiae","Suberitida","Suberitidae","Species","Aaptos","","tentum","","1","0","0","0","unaccepted","agreement in gender","2022-07-08","urn:lsid:marinespecies.org:taxname:1593127","132064"
"292683","Aaptos unispiculus","(Carter, 1880)","168070","Eurypon unispiculum","(Carter, 1880)","0","Animalia","Porifera","Demospongiae","Suberitida","Suberitidae","Species","Aaptos","","unispiculus","","1","0","0","0","unaccepted","genus transfer","2019-05-26","urn:lsid:marinespecies.org:taxname:292683","132064"
"170745","Aaptos vannamei","de Laubenfels, 1935","170745","Aaptos vannamei","de Laubenfels, 1935","","Animalia","Porifera","Demospongiae","Suberitida","Suberitidae","Species","Aaptos","","vannamei","","1","0","0","0","accepted","","2006-08-31","urn:lsid:marinespecies.org:taxname:170745","132064"
"268173","Aaptosyax","Rainboth, 1991","268173","Aaptosyax","Rainboth, 1991","","Animalia","Chordata","Teleostei","Cypriniformes","Cyprinidae","Genus","Aaptosyax","","","","0","0","1","0","accepted","","2014-12-02","urn:lsid:marinespecies.org:taxname:268173","154163"
"1011282","Aaptosyax grypus","Rainboth, 1991","1011282","Aaptosyax grypus","Rainboth, 1991","","Animalia","Chordata","Teleostei","Cypriniformes","Cyprinidae","Species","Aaptosyax","","grypus","","0","0","1","0","accepted","","2017-07-06","urn:lsid:marinespecies.org:taxname:1011282","268173"
"737924","Aaptotoichus","Loeblich & Tappan, 1982","737924","Aaptotoichus","Loeblich & Tappan, 1982","1","Chromista","Foraminifera","Globothalamea","Lituolida","Textulariopsidae","Genus","Aaptotoichus","","","","1","0","0","0","accepted","","2017-10-21","urn:lsid:marinespecies.org:taxname:737924","557031"
"1040014","Aaptotoichus challengeri","Holbourn & Kaminski, 1995","1040014","Aaptotoichus challengeri","Holbourn & Kaminski, 1995","1","Chromista","Foraminifera","Globothalamea","Lituolida","Textulariopsidae","Species","Aaptotoichus","","challengeri","","1","0","0","0","accepted","","2017-10-18","urn:lsid:marinespecies.org:taxname:1040014","737924"
"1041716","Aaptotoichus clavellatus","(Loeblich & Tappan, 1946)","1041716","Aaptotoichus clavellatus","(Loeblich & Tappan, 1946)","1","Chromista","Foraminifera","Globothalamea","Lituolida","Textulariopsidae","Species","Aaptotoichus","","clavellatus","","1","0","0","0","accepted","","2017-10-21","urn:lsid:marinespecies.org:taxname:1041716","737924"
"1115789","Aaptotoichus mutinensis","Haig & McCartain, 2010","1115789","Aaptotoichus mutinensis","Haig & McCartain, 2010","1","Chromista","Foraminifera","Globothalamea","Lituolida","Textulariopsidae","Species","Aaptotoichus","","mutinensis","","1","0","0","0","accepted","","2018-03-19","urn:lsid:marinespecies.org:taxname:1115789","737924"
"1041067","Aaptotoichus quinnaniensis","Haig, 2003","1041067","Aaptotoichus quinnaniensis","Haig, 2003","1","Chromista","Foraminifera","Globothalamea","Lituolida","Textulariopsidae","Species","Aaptotoichus","","quinnaniensis","","1","0","0","0","accepted","","2017-10-18","urn:lsid:marinespecies.org:taxname:1041067","737924"
"1482103","Aaptotoichus vallis","(Trifonova, 1967)","1482103","Aaptotoichus vallis","(Trifonova, 1967)","1","Chromista","Foraminifera","Globothalamea","Lituolida","Textulariopsidae","Species","Aaptotoichus","","vallis","","1","0","0","0","accepted","","2021-02-10","urn:lsid:marinespecies.org:taxname:1482103","737924"
"689354","Aarchaeocidaris","Webster, 1997","689353","Palaechinus","McCoy, 1844","1","Animalia","Echinodermata","Echinoidea","","Palaechinidae","Genus","Aarchaeocidaris","","","","1","0","0","0","unaccepted","junior subjective synonym","2012-09-11","urn:lsid:marinespecies.org:taxname:689354","599315"
"1034286","Aarchaeocidaris strawberryensis","Webster, 1997","1034286","Aarchaeocidaris strawberryensis","Webster, 1997","1","Animalia","Echinodermata","Echinoidea","","Palaechinidae","Species","Aarchaeocidaris","","strawberryensis","","1","0","0","0","accepted","","2017-09-07","urn:lsid:marinespecies.org:taxname:1034286","689354"
"1075348","Aaronsohnia","Warb. & Eig","1075348","Aaronsohnia","Warb. & Eig","","Plantae","Tracheophyta","Magnoliopsida","Asterales","Compositae","Genus","Aaronsohnia","","","","0","0","0","1","accepted","","2013-09-13","urn:lsid:marinespecies.org:taxname:1075348","1074884"
"1101675","Aaronsohnia factorovskyi","Warb. & Eig","1101675","Aaronsohnia factorovskyi","Warb. & Eig","","Plantae","Tracheophyta","Magnoliopsida","Asterales","Compositae","Species","Aaronsohnia","","factorovskyi","","0","0","0","1","accepted","","2013-09-13","urn:lsid:marinespecies.org:taxname:1101675","1075348"
"1105075","Aaronsohnia pubescens","(Desf.) K.Bremer & Humphries","1105075","Aaronsohnia pubescens","(Desf.) K.Bremer & Humphries","","Plantae","Tracheophyta","Magnoliopsida","Asterales","Compositae","Species","Aaronsohnia","","pubescens","","0","0","0","1","accepted","","2013-09-13","urn:lsid:marinespecies.org:taxname:1105075","1075348"
"1153549","Aaronsohnia pubescens subsp. maroccana","(Ball) Fennane & Ibn Tattou","1153549","Aaronsohnia pubescens subsp. maroccana","(Ball) Fennane & Ibn Tattou","","Plantae","Tracheophyta","Magnoliopsida","Asterales","Compositae","Subspecies","Aaronsohnia","","pubescens","maroccana","0","0","0","1","accepted","","2013-09-13","urn:lsid:marinespecies.org:taxname:1153549","1105075"
"1218014","Aaronsohnia pubescens subsp. maroccana","(Ball) Förther & Podlech","1153549","Aaronsohnia pubescens subsp. maroccana","(Ball) Fennane & Ibn Tattou","","Plantae","Tracheophyta","Magnoliopsida","Asterales","Compositae","Subspecies","Aaronsohnia","","pubescens","maroccana","0","0","0","1","unaccepted","","2013-09-13","urn:lsid:marinespecies.org:taxname:1218014","1105075"
"1152787","Aaronsohnia pubescens subsp. pubescens","(Desf.) K.Bremer & Humphries","1152787","Aaronsohnia pubescens subsp. pubescens","(Desf.) K.Bremer & Humphries","","Plantae","Tracheophyta","Magnoliopsida","Asterales","Compositae","Subspecies","Aaronsohnia","","pubescens","pubescens","0","0","0","1","accepted","","2013-09-13","urn:lsid:marinespecies.org:taxname:1152787","1105075"
"138399","Aartsenia","Warén, 1991","138399","Aartsenia","Warén, 1991","","Animalia","Mollusca","Gastropoda","","Pyramidellidae","Genus","Aartsenia","","","","1","1","1","","accepted","","2022-09-12","urn:lsid:marinespecies.org:taxname:138399","162"
"576636","Aartsenia arctica","(Dall & Bartsch, 1909)","576636","Aartsenia arctica","(Dall & Bartsch, 1909)","","Animalia","Mollusca","Gastropoda","","Pyramidellidae","Species","Aartsenia","","arctica","","1","1","0","0","accepted","","2024-08-21","urn:lsid:marinespecies.org:taxname:576636","138399"
"140895","Aartsenia candida","(Møller, 1842)","140895","Aartsenia candida","(Møller, 1842)","","Animalia","Mollusca","Gastropoda","","Pyramidellidae","Species","Aartsenia","","candida","","1","","","","accepted","","2004-12-21","urn:lsid:marinespecies.org:taxname:140895","138399"
"739610","Aartsenia japonica","(A. Adams, 1860)","739610","Aartsenia japonica","(A. Adams, 1860)","","Animalia","Mollusca","Gastropoda","","Pyramidellidae","Species","Aartsenia","","japonica","","1","","","","accepted","","2013-09-06","urn:lsid:marinespecies.org:taxname:739610","138399"
"740009","Aartsenia martensi","(Dall & Bartsch, 1906)","740009","Aartsenia martensi","(Dall & Bartsch, 1906)","","Animalia","Mollusca","Gastropoda","","Pyramidellidae","Species","Aartsenia","","martensi","","1","","","","accepted","","2023-01-13","urn:lsid:marinespecies.org:taxname:740009","138399"
"1674307","Aartsenia pupiformis","(P. P. Carpenter, 1865)","1674307","Aartsenia pupiformis","(P. P. Carpenter, 1865)","","Animalia","Mollusca","Gastropoda","","Pyramidellidae","Species","Aartsenia","","pupiformis","","1","","","","accepted","","2023-08-24","urn:lsid:marinespecies.org:taxname:1674307","138399"
"740007","Aartsenia sagamiensis","Kuroda & T. Habe, 1971","740007","Aartsenia sagamiensis","Kuroda & T. Habe, 1971","","Animalia","Mollusca","Gastropoda","","Pyramidellidae","Species","Aartsenia","","sagamiensis","","1","","0","0","accepted","","2024-02-26","urn:lsid:marinespecies.org:taxname:740007","138399"
"1600986","Aartsenia sasagensis","(Nomura, 1939)","1600986","Aartsenia sasagensis","(Nomura, 1939)","1","Animalia","Mollusca","Gastropoda","","Pyramidellidae","Species","Aartsenia","","sasagensis","","1","0","0","0","accepted","","2022-09-12","urn:lsid:marinespecies.org:taxname:1600986","138399"
"1600984","Aartsenia sikisimana","(Nomura, 1939)","1600984","Aartsenia sikisimana","(Nomura, 1939)","1","Animalia","Mollusca","Gastropoda","","Pyramidellidae","Species","Aartsenia","","sikisimana","","1","0","1","0","accepted","","2022-09-12","urn:lsid:marinespecies.org:taxname:1600984","138399"
"1635754","Aataenia","Gnilovskaja, 1976","1635754","Aataenia","Gnilovskaja, 1976","1","Plantae","Plantae incertae sedis","Vendophyceae","Vendotaeniales","Vendotaeniaceae","Genus","Aataenia","","","","","","","","accepted","","2023-02-08","urn:lsid:marinespecies.org:taxname:1635754","1635753"
"248353","Aatolana","Bruce, 1993","248353","Aatolana","Bruce, 1993","","Animalia","Arthropoda","Malacostraca","Isopoda","Cirolanidae","Genus","Aatolana","","","","1","0","0","0","accepted","","2019-08-01","urn:lsid:marinespecies.org:taxname:248353","118273"
"258623","Aatolana rapax","Bruce, 1993","258623","Aatolana rapax","Bruce, 1993","0","Animalia","Arthropoda","Malacostraca","Isopoda","Cirolanidae","Species","Aatolana","","rapax","","1","0","0","0","accepted","","2008-01-03","urn:lsid:marinespecies.org:taxname:258623","248353"
"258624","Aatolana schioedtei","(Miers, 1884)","258624","Aatolana schioedtei","(Miers, 1884)","0","Animalia","Arthropoda","Malacostraca","Isopoda","Cirolanidae","Species","Aatolana","","schioedtei","","1","0","0","0","accepted","","2022-06-05","urn:lsid:marinespecies.org:taxname:258624","248353"
"258625","Aatolana springthorpei","Keable, 1998","258625","Aatolana springthorpei","Keable, 1998","0","Animalia","Arthropoda","Malacostraca","Isopoda","Cirolanidae","Species","Aatolana","","springthorpei","","1","0","0","0","accepted","","2008-01-03","urn:lsid:marinespecies.org:taxname:258625","248353"
"603432","Abacella","Maslov, 1956","603432","Abacella","Maslov, 1956","1","Plantae","Chlorophyta","Ulvophyceae","Bryopsidales","Halimedaceae","Genus","Abacella","","","","1","","","","accepted","","2023-02-13","urn:lsid:marinespecies.org:taxname:603432","1635982"
"890867","Abacion","Rafinesque, 1820","890867","Abacion","Rafinesque, 1820","","Animalia","Arthropoda","Diplopoda","Callipodida","Abacionidae","Genus","Abacion","","","","0","0","0","1","accepted","","2024-04-07","urn:lsid:marinespecies.org:taxname:890867","888968"
"947911","Abacion creolum","(Chamberlin, 1942)","935015","Abacion tesselatum","Rafinesque, 1820","","Animalia","Arthropoda","Diplopoda","Callipodida","Abacionidae","Species","Abacion","","creolum","","0","0","0","1","junior subjective synonym","","2024-03-29","urn:lsid:marinespecies.org:taxname:947911","890867"
"944927","Abacion highlandense","(Hoffman, 1950)","944924","Abacion magnum","(Loomis, 1943)","","Animalia","Arthropoda","Diplopoda","Callipodida","Abacionidae","Species","Abacion","","highlandense","","0","0","0","1","junior subjective synonym","","2024-03-29","urn:lsid:marinespecies.org:taxname:944927","890867"
"948185","Abacion jonesi","(Chamberlin, 1942)","944925","Abacion texensis","(Loomis, 1937)","","Animalia","Arthropoda","Diplopoda","Callipodida","Abacionidae","Species","Abacion","","jonesi","","0","0","0","1","unaccepted","junior subjective synonym","2021-05-28","urn:lsid:marinespecies.org:taxname:948185","890867"
"1024958","Abacion lactarium","(Say, 1821)","1024958","Abacion lactarium","(Say, 1821)","","Animalia","Arthropoda","Diplopoda","Callipodida","Abacionidae","Species","Abacion","","lactarium","","0","0","0","1","accepted","","2020-08-03","urn:lsid:marinespecies.org:taxname:1024958","890867"
"944928","Abacion lactarius","(Say, 1821)","1024958","Abacion lactarium","(Say, 1821)","","Animalia","Arthropoda","Diplopoda","Callipodida","Abacionidae","Species","Abacion","","lactarius","","0","0","0","1","unaccepted","","2020-08-03","urn:lsid:marinespecies.org:taxname:944928","890867"
"944924","Abacion magnum","(Loomis, 1943)","944924","Abacion magnum","(Loomis, 1943)","","Animalia","Arthropoda","Diplopoda","Callipodida","Abacionidae","Species","Abacion","","magnum","","0","0","0","1","accepted","","2017-01-23","urn:lsid:marinespecies.org:taxname:944924","890867"
"1032391","Abacion magnum highlandense","(Hoffman, 1950)","944924","Abacion magnum","(Loomis, 1943)","","Animalia","Arthropoda","Diplopoda","Callipodida","Abacionidae","Subspecies","Abacion","","magnum","highlandense","0","0","0","1","unaccepted","","2017-09-06","urn:lsid:marinespecies.org:taxname:1032391","944924"
"944926","Abacion spinosa","(Sager, 1856)","935015","Abacion tesselatum","Rafinesque, 1820","","Animalia","Arthropoda","Diplopoda","Callipodida","Abacionidae","Species","Abacion","","spinosa","","0","0","0","1","junior subjective synonym","","2024-03-29","urn:lsid:marinespecies.org:taxname:944926","890867"
"935015","Abacion tesselatum","Rafinesque, 1820","935015","Abacion tesselatum","Rafinesque, 1820","","Animalia","Arthropoda","Diplopoda","Callipodida","Abacionidae","Species","Abacion","","tesselatum","","0","0","0","1","accepted","","2017-01-19","urn:lsid:marinespecies.org:taxname:935015","890867"
"952713","Abacion tesselatum creolum","(Chamberlin, 1942)","952713","Abacion tesselatum creolum","(Chamberlin, 1942)","","Animalia","Arthropoda","Diplopoda","Callipodida","Abacionidae","Subspecies","Abacion","","tesselatum","creolum","0","0","0","1","accepted","","2017-01-26","urn:lsid:marinespecies.org:taxname:952713","935015"
"1024959","Abacion texense","(Loomis, 1937)","944925","Abacion texensis","(Loomis, 1937)","","Animalia","Arthropoda","Diplopoda","Callipodida","Abacionidae","Species","Abacion","","texense","","0","0","0","1","unaccepted","","2020-08-03","urn:lsid:marinespecies.org:taxname:1024959","890867"
"944925","Abacion texensis","(Loomis, 1937)","944925","Abacion texensis","(Loomis, 1937)","","Animalia","Arthropoda","Diplopoda","Callipodida","Abacionidae","Species","Abacion","","texensis","","0","0","0","1","accepted","","2017-01-23","urn:lsid:marinespecies.org:taxname:944925","890867"
"944219","Abacion wilhelminae","Shelley, McAllister & Hollis, 2003","944219","Abacion wilhelminae","Shelley, McAllister & Hollis, 2003","","Animalia","Arthropoda","Diplopoda","Callipodida","Abacionidae","Species","Abacion","","wilhelminae","","0","0","0","1","accepted","","2017-01-20","urn:lsid:marinespecies.org:taxname:944219","890867"
"888673","Abacionidae","Shelley, 1979","888673","Abacionidae","Shelley, 1979","","Animalia","Arthropoda","Diplopoda","Callipodida","Abacionidae","Family","","","","","0","0","0","1","accepted","","2016-11-03","urn:lsid:marinespecies.org:taxname:888673","887932"
"888968","Abacioninae","Shelley, 1979","888968","Abacioninae","Shelley, 1979","","Animalia","Arthropoda","Diplopoda","Callipodida","Abacionidae","Subfamily","","","","","0","0","0","1","accepted","","2024-03-29","urn:lsid:marinespecies.org:taxname:888968","888673"
"889130","Abacionini","Shelley, 1979","888968","Abacioninae","Shelley, 1979","","Animalia","Arthropoda","Diplopoda","Callipodida","Abacionidae","Tribe","","","","","0","0","0","1","superseded rank","","2024-04-07","urn:lsid:marinespecies.org:taxname:889130","888673"
"346684","Abacola","Edwards, 1891","115406","Metis","Philippi, 1843","","Animalia","Arthropoda","Copepoda","Harpacticoida","Metidae","Genus","Abacola","","","","1","0","0","0","unaccepted","synonym","2020-09-24","urn:lsid:marinespecies.org:taxname:346684","115162"
"364576","Abacola holothuriae","Edwards, 1891","116379","Metis holothuriae","(Edwards, 1891)","","Animalia","Arthropoda","Copepoda","Harpacticoida","Metidae","Species","Abacola","","holothuriae","","1","0","0","0","unaccepted","synonym","2008-08-06","urn:lsid:marinespecies.org:taxname:364576","346684"
"525647","Abaconia","Clench, 1938","138134","Litiopa","Rang, 1829","0","Animalia","Mollusca","Gastropoda","Caenogastropoda incertae sedis","Litiopidae","Genus","Abaconia","","","","1","0","0","0","junior subjective synonym","","2024-02-02","urn:lsid:marinespecies.org:taxname:525647","23065"
"525654","Abaconia naufraga","(Clench, 1938)","140258","Litiopa melanostoma","Rang, 1829","","Animalia","Mollusca","Gastropoda","Caenogastropoda incertae sedis","Litiopidae","Species","Abaconia","","naufraga","","1","0","0","0","junior subjective synonym","","2025-01-01","urn:lsid:marinespecies.org:taxname:525654","525647"
"826790","Abactochromis","Oliver & Arnegard, 2010","826790","Abactochromis","Oliver & Arnegard, 2010","","Animalia","Chordata","Teleostei","Cichliformes","Cichlidae","Genus","Abactochromis","","","","0","0","1","0","accepted","","2014-11-25","urn:lsid:marinespecies.org:taxname:826790","267090"
"1015413","Abactochromis labrosus","(Trewavas, 1935)","1015413","Abactochromis labrosus","(Trewavas, 1935)","","Animalia","Chordata","Teleostei","Cichliformes","Cichlidae","Species","Abactochromis","","labrosus","","0","0","1","0","accepted","","2021-11-08","urn:lsid:marinespecies.org:taxname:1015413","826790"
"603368","Abacum","M.A.Fombella, 1978","603368","Abacum","M.A.Fombella, 1978","","Protozoa","","","","","Genus","Abacum","","","","","","","","nomen dubium","","2012-07-02","urn:lsid:marinespecies.org:taxname:603368","22718"
"721402","Abadehella","Okimura & Ishii, 1975","721402","Abadehella","Okimura & Ishii, 1975","1","Chromista","Foraminifera","Fusulinata","Endothyrida","Tetrataxidae","Genus","Abadehella","","","","1","0","0","0","accepted","","2018-06-07","urn:lsid:marinespecies.org:taxname:721402","720914"
"896763","Abadehella biconvexa","Okimura & Ishii, 1975","896763","Abadehella biconvexa","Okimura & Ishii, 1975","1","Chromista","Foraminifera","Fusulinata","Endothyrida","Tetrataxidae","Species","Abadehella","","biconvexa","","1","0","0","0","accepted","","2016-12-23","urn:lsid:marinespecies.org:taxname:896763","721402"
"899076","Abadehella coniformis","Okimura & Ishii, 1975","899076","Abadehella coniformis","Okimura & Ishii, 1975","1","Chromista","Foraminifera","Fusulinata","Endothyrida","Tetrataxidae","Species","Abadehella","","coniformis","","1","0","0","0","accepted","","2016-12-23","urn:lsid:marinespecies.org:taxname:899076","721402"
"1055954","Abadehella grandis","Pronina-Nestell, 2001","1055954","Abadehella grandis","Pronina-Nestell, 2001","1","Chromista","Foraminifera","Fusulinata","Endothyrida","Tetrataxidae","Species","Abadehella","","grandis","","1","0","0","0","accepted","","2018-01-24","urn:lsid:marinespecies.org:taxname:1055954","721402"
"1063389","Abadehella iwaiensis","Kobayashi, 1997","1063389","Abadehella iwaiensis","Kobayashi, 1997","1","Chromista","Foraminifera","Fusulinata","Endothyrida","Tetrataxidae","Species","Abadehella","","iwaiensis","","1","0","0","0","accepted","","2018-03-05","urn:lsid:marinespecies.org:taxname:1063389","721402"
"1063394","Abadehella koryakiensis","Daydov in Davydov et al., 1996","1063394","Abadehella koryakiensis","Daydov in Davydov et al., 1996","1","Chromista","Foraminifera","Fusulinata","Endothyrida","Tetrataxidae","Species","Abadehella","","koryakiensis","","1","0","0","0","accepted","","2019-03-03","urn:lsid:marinespecies.org:taxname:1063394","721402"
"1370220","Abadehella longlinensis","Lin, Li & Sun, 1990","1398121","Abadehellopsis longlinensis","(Lin, Li & Sun, 1990)","1","Chromista","Foraminifera","Fusulinata","Endothyrida","Tetrataxidae","Species","Abadehella","","longlinensis","","1","0","0","0","unaccepted","Opinion of Vachard in Krainer et al. (2019)","2020-01-08","urn:lsid:marinespecies.org:taxname:1370220","721402"
"1150489","Abadehella mengcunensis","Wang, 2002","1150489","Abadehella mengcunensis","Wang, 2002","1","Chromista","Foraminifera","Fusulinata","Endothyrida","Tetrataxidae","Species","Abadehella","","mengcunensis","","1","0","0","0","accepted","","2018-03-28","urn:lsid:marinespecies.org:taxname:1150489","721402"
"1326535","Abadehella minima","Wang in Zhao et al., 1981","1326535","Abadehella minima","Wang in Zhao et al., 1981","1","Chromista","Foraminifera","Fusulinata","Endothyrida","Tetrataxidae","Species","Abadehella","","minima","","1","0","0","0","accepted","","2019-02-12","urn:lsid:marinespecies.org:taxname:1326535","721402"
"1370221","Abadehella regularis","Lin, Li & Sun, 1990","1398122","Abadehellopsis regularis","(Lin, Li & Sun, 1990)","1","Chromista","Foraminifera","Fusulinata","Endothyrida","Tetrataxidae","Species","Abadehella","","regularis","","1","0","0","0","unaccepted","Opinion of Vachard in Krainer et al. (2019)","2020-01-08","urn:lsid:marinespecies.org:taxname:1370221","721402"
"1370222","Abadehella regularisaeformis","Lin, Li & Sun, 1990","1398124","Abadehellopsis regularisaeformis","(Lin, Li & Sun, 1990)","1","Chromista","Foraminifera","Fusulinata","Endothyrida","Tetrataxidae","Species","Abadehella","","regularisaeformis","","1","0","0","0","unaccepted","Opinion of Vachard in Krainer et al. (2019)","2020-01-08","urn:lsid:marinespecies.org:taxname:1370222","721402"
"922206","Abadehella tarazi","Okimura & Ishii, 1975","922206","Abadehella tarazi","Okimura & Ishii, 1975","1","Chromista","Foraminifera","Fusulinata","Endothyrida","Tetrataxidae","Species","Abadehella","","tarazi","","1","0","0","0","accepted","","2016-12-23","urn:lsid:marinespecies.org:taxname:922206","721402"
"720916","Abadehellidae","Loeblich & Tappan, 1984","720914","Tetrataxidae","Galloway, 1933 nom. transl. Pokorný, 1958","1","Chromista","Foraminifera","Fusulinata","Endothyrida","Abadehellidae","Family","","","","","","","0","0","unaccepted","Subjective junior synonym Opinion of Hance, Hou and Vachard (2011)","2018-02-06","urn:lsid:marinespecies.org:taxname:720916","720878"
"1397867","Abadehellopsis","Vachard in Krainer, Vachard & Schaffhauser, 2019","1397867","Abadehellopsis","Vachard in Krainer, Vachard & Schaffhauser, 2019","1","Chromista","Foraminifera","Fusulinata","Endothyrida","Tetrataxidae","Genus","Abadehellopsis","","","","1","0","0","0","accepted","","2020-01-07","urn:lsid:marinespecies.org:taxname:1397867","720914"
"1398121","Abadehellopsis longlinensis","(Lin, Li & Sun, 1990)","1398121","Abadehellopsis longlinensis","(Lin, Li & Sun, 1990)","1","Chromista","Foraminifera","Fusulinata","Endothyrida","Tetrataxidae","Species","Abadehellopsis","","longlinensis","","1","0","0","0","accepted","","2020-01-08","urn:lsid:marinespecies.org:taxname:1398121","1397867"
"1397871","Abadehellopsis pauciseptata","Vachard in Krainer, Vachard & Schaffhauser, 2019","1397871","Abadehellopsis pauciseptata","Vachard in Krainer, Vachard & Schaffhauser, 2019","1","Chromista","Foraminifera","Fusulinata","Endothyrida","Tetrataxidae","Species","Abadehellopsis","","pauciseptata","","1","0","0","0","accepted","","2020-01-07","urn:lsid:marinespecies.org:taxname:1397871","1397867"
"1585812","Abadehellopsis protea","(Cushman & Waters, 1928)","1585812","Abadehellopsis protea","(Cushman & Waters, 1928)","1","Chromista","Foraminifera","Fusulinata","Endothyrida","Tetrataxidae","Species","Abadehellopsis","","protea","","1","0","0","0","accepted","","2022-06-02","urn:lsid:marinespecies.org:taxname:1585812","1397867"
"1398122","Abadehellopsis regularis","(Lin, Li & Sun, 1990)","1398122","Abadehellopsis regularis","(Lin, Li & Sun, 1990)","1","Chromista","Foraminifera","Fusulinata","Endothyrida","Tetrataxidae","Species","Abadehellopsis","","regularis","","1","0","0","0","accepted","","2020-01-08","urn:lsid:marinespecies.org:taxname:1398122","1397867"
"1398124","Abadehellopsis regularisaeformis","(Lin, Li & Sun, 1990)","1398124","Abadehellopsis regularisaeformis","(Lin, Li & Sun, 1990)","1","Chromista","Foraminifera","Fusulinata","Endothyrida","Tetrataxidae","Species","Abadehellopsis","","regularisaeformis","","1","0","0","0","accepted","","2020-01-08","urn:lsid:marinespecies.org:taxname:1398124","1397867"
"1374764","Abakana","Morozova, 1961","1374764","Abakana","Morozova, 1961","1","Animalia","Bryozoa","Stenolaemata","Trepostomatida","Trematoporidae","Genus","Abakana","","","","1","0","0","0","accepted","","2020-03-12","urn:lsid:marinespecies.org:taxname:1374764","468506"
"1399406","Abakana macrospina","(Schoenmann, 1926)","1399406","Abakana macrospina","(Schoenmann, 1926)","1","Animalia","Bryozoa","Stenolaemata","Trepostomatida","Trematoporidae","Species","Abakana","","macrospina","","1","0","0","0","accepted","","2020-03-12","urn:lsid:marinespecies.org:taxname:1399406","1374764"
"1350002","Abakaniella","Betekhtina, 1966","1350002","Abakaniella","Betekhtina, 1966","1","Animalia","Mollusca","Bivalvia","Myalinida","Naiaditidae","Genus","Abakaniella","","","","0","0","1","0","accepted","","2019-06-09","urn:lsid:marinespecies.org:taxname:1350002","833131"
"1350004","Abakaniella elongata","(B. I. Chernyshev, 1930)","1697755","Anthraconaia elongata","(B. I. Chernyshev, 1930)","1","Animalia","Mollusca","Bivalvia","Myalinida","Naiaditidae","Species","Abakaniella","","elongata","","0","0","1","0","superseded combination","","2023-09-18","urn:lsid:marinespecies.org:taxname:1350004","1350002"
"1735113","Abakaniella globosa","(B. I. Chernyshev, 1937)","1735113","Abakaniella globosa","(B. I. Chernyshev, 1937)","1","Animalia","Mollusca","Bivalvia","Myalinida","Naiaditidae","Species","Abakaniella","","globosa","","0","","1","0","accepted","","2024-02-07","urn:lsid:marinespecies.org:taxname:1735113","1350002"
"1697749","Abakaniella jangotoika","Betekhtina, 1986","1697749","Abakaniella jangotoika","Betekhtina, 1986","1","Animalia","Mollusca","Bivalvia","Myalinida","Naiaditidae","Species","Abakaniella","","jangotoika","","0","","1","0","accepted","","2023-09-18","urn:lsid:marinespecies.org:taxname:1697749","1350002"
"1350005","Abakaniella kemeroviensis","(Fedotov, 1937)","1645109","Anadontella kemeroviensis","(Fedotov, 1937)","1","Animalia","Mollusca","Bivalvia","Myalinida","Naiaditidae","Species","Abakaniella","","kemeroviensis","","0","0","1","0","superseded combination","","2023-03-01","urn:lsid:marinespecies.org:taxname:1350005","1350002"
"1350003","Abakaniella magna","(B. I. Chernyshev, 1930)","1350003","Abakaniella magna","(B. I. Chernyshev, 1930)","1","Animalia","Mollusca","Bivalvia","Myalinida","Naiaditidae","Species","Abakaniella","","magna","","0","0","1","0","accepted","","2023-03-01","urn:lsid:marinespecies.org:taxname:1350003","1350002"
"1735117","Abakaniella obrutschewi","(B. I. Chernyshev, 1937)","1735117","Abakaniella obrutschewi","(B. I. Chernyshev, 1937)","1","Animalia","Mollusca","Bivalvia","Myalinida","Naiaditidae","Species","Abakaniella","","obrutschewi","","0","","1","0","accepted","","2024-02-07","urn:lsid:marinespecies.org:taxname:1735117","1350002"
"1735147","Abakaniella ornata","(Tokareva, 1970)","1735147","Abakaniella ornata","(Tokareva, 1970)","1","Animalia","Mollusca","Bivalvia","Myalinida","Naiaditidae","Species","Abakaniella","","ornata","","0","","1","0","accepted","","2024-02-07","urn:lsid:marinespecies.org:taxname:1735147","1350002"
"1697052","Abakaniella prima","(Betekhtina, 1966)","1738813","Quasianthraconauta prima","(Betekhtina, 1966)","1","Animalia","Mollusca","Bivalvia","Myalinida","Naiaditidae","Species","Abakaniella","","prima","","0","","1","0","superseded combination","","2024-02-20","urn:lsid:marinespecies.org:taxname:1697052","1350002"
"1735721","Abakaniella rectangulata","(Lapshina, 1958)","1735721","Abakaniella rectangulata","(Lapshina, 1958)","1","Animalia","Mollusca","Bivalvia","Myalinida","Naiaditidae","Species","Abakaniella","","rectangulata","","0","","1","0","accepted","","2024-02-09","urn:lsid:marinespecies.org:taxname:1735721","1350002"
"1735119","Abakaniella rugosa","(B. I. Chernyshev, 1937)","1735119","Abakaniella rugosa","(B. I. Chernyshev, 1937)","1","Animalia","Mollusca","Bivalvia","Myalinida","Naiaditidae","Species","Abakaniella","","rugosa","","0","","1","0","accepted","","2024-02-07","urn:lsid:marinespecies.org:taxname:1735119","1350002"
"1735120","Abakaniella sibirica","(B. I. Chernyshev, 1937)","1735120","Abakaniella sibirica","(B. I. Chernyshev, 1937)","1","Animalia","Mollusca","Bivalvia","Myalinida","Naiaditidae","Species","Abakaniella","","sibirica","","0","","1","0","unreplaced junior homonym","junior homonym of <i>Anthracomya laevis</i> var. <i>sibirica</i> Ragozin, 1931","2024-02-07","urn:lsid:marinespecies.org:taxname:1735120","1350002"
"1735121","Abakaniella simplex","(Khalfin, 1939)","1645556","Summita simplex","(Khalfin, 1939)","1","Animalia","Mollusca","Bivalvia","Myalinida","Naiaditidae","Species","Abakaniella","","simplex","","0","","1","0","superseded combination","","2024-02-07","urn:lsid:marinespecies.org:taxname:1735121","1350002"
"1744374","Abakaniella tatarica","(B. I. Chernyshev, 1930)","1744374","Abakaniella tatarica","(B. I. Chernyshev, 1930)","1","Animalia","Mollusca","Bivalvia","Myalinida","Naiaditidae","Species","Abakaniella","","tatarica","","0","","1","0","accepted","","2024-03-22","urn:lsid:marinespecies.org:taxname:1744374","1350002"
"1697051","Abakaniella tungusensis","(B. I. Chernyshev, 1937)","1697051","Abakaniella tungusensis","(B. I. Chernyshev, 1937)","1","Animalia","Mollusca","Bivalvia","Myalinida","Naiaditidae","Species","Abakaniella","","tungusensis","","0","","1","0","accepted","","2023-10-11","urn:lsid:marinespecies.org:taxname:1697051","1350002"
"203907","Abalistes","Jordan & Seale, 1906","203907","Abalistes","Jordan & Seale, 1906","","Animalia","Chordata","Teleostei","Tetraodontiformes","Balistidae","Genus","Abalistes","","","","1","0","0","0","accepted","","2014-11-21","urn:lsid:marinespecies.org:taxname:203907","125607"
"276793","Abalistes filamentosus","Matsuura & Yoshino, 2004","276793","Abalistes filamentosus","Matsuura & Yoshino, 2004","","Animalia","Chordata","Teleostei","Tetraodontiformes","Balistidae","Species","Abalistes","","filamentosus","","1","0","0","0","accepted","","2008-01-15","urn:lsid:marinespecies.org:taxname:276793","203907"
"403386","Abalistes stellairs","(Bloch & Schneider, 1801)","219873","Abalistes stellatus","(Anonymous, 1798)","","Animalia","Chordata","Teleostei","Tetraodontiformes","Balistidae","Species","Abalistes","","stellairs","","1","0","0","0","unaccepted","misspelling","2023-01-17","urn:lsid:marinespecies.org:taxname:403386","203907"
"219872","Abalistes stellaris","(Bloch & Schneider, 1801)","219873","Abalistes stellatus","(Anonymous, 1798)","","Animalia","Chordata","Teleostei","Tetraodontiformes","Balistidae","Species","Abalistes","","stellaris","","1","0","0","0","unaccepted","","2023-01-11","urn:lsid:marinespecies.org:taxname:219872","203907"
"219873","Abalistes stellatus","(Anonymous, 1798)","219873","Abalistes stellatus","(Anonymous, 1798)","","Animalia","Chordata","Teleostei","Tetraodontiformes","Balistidae","Species","Abalistes","","stellatus","","1","0","0","0","accepted","","2022-06-02","urn:lsid:marinespecies.org:taxname:219873","203907"
"295881","Abantennarius","Schultz, 1957","295881","Abantennarius","Schultz, 1957","","Animalia","Chordata","Teleostei","Lophiiformes","Antennariidae","Genus","Abantennarius","","","","1","","","0","accepted","","2024-03-22","urn:lsid:marinespecies.org:taxname:295881","125484"
"315963","Abantennarius analis","Schultz, 1957","315963","Abantennarius analis","Schultz, 1957","","Animalia","Chordata","Teleostei","Lophiiformes","Antennariidae","Species","Abantennarius","","analis","","1","0","0","0","accepted","","2013-01-08","urn:lsid:marinespecies.org:taxname:315963","295881"
"1605257","Abantennarius bermudensis","(Schultz, 1957)","1605257","Abantennarius bermudensis","(Schultz, 1957)","","Animalia","Chordata","Teleostei","Lophiiformes","Antennariidae","Species","Abantennarius","","bermudensis","","1","0","0","0","accepted","","2023-01-10","urn:lsid:marinespecies.org:taxname:1605257","295881"
"1605256","Abantennarius coccineus","(Lesson, 1831)","1605256","Abantennarius coccineus","(Lesson, 1831)","","Animalia","Chordata","Teleostei","Lophiiformes","Antennariidae","Species","Abantennarius","","coccineus","","1","0","0","0","accepted","","2023-01-10","urn:lsid:marinespecies.org:taxname:1605256","295881"
"1605258","Abantennarius dorehensis","(Bleeker, 1859)","1605258","Abantennarius dorehensis","(Bleeker, 1859)","","Animalia","Chordata","Teleostei","Lophiiformes","Antennariidae","Species","Abantennarius","","dorehensis","","1","0","0","0","accepted","","2023-01-10","urn:lsid:marinespecies.org:taxname:1605258","295881"
"1605261","Abantennarius drombus","(Jordan & Evermann, 1903)","1605261","Abantennarius drombus","(Jordan & Evermann, 1903)","","Animalia","Chordata","Teleostei","Lophiiformes","Antennariidae","Species","Abantennarius","","drombus","","1","0","0","0","accepted","","2023-01-10","urn:lsid:marinespecies.org:taxname:1605261","295881"
"1605259","Abantennarius duescus","(Snyder, 1904)","1605259","Abantennarius duescus","(Snyder, 1904)","","Animalia","Chordata","Teleostei","Lophiiformes","Antennariidae","Species","Abantennarius","","duescus","","1","0","0","0","accepted","","2023-01-10","urn:lsid:marinespecies.org:taxname:1605259","295881"
"315964","Abantennarius neocaledoniensis","Le Danois, 1964","1605256","Abantennarius coccineus","(Lesson, 1831)","","Animalia","Chordata","Teleostei","Lophiiformes","Antennariidae","Species","Abantennarius","","neocaledoniensis","","1","0","0","0","unaccepted","","2023-01-11","urn:lsid:marinespecies.org:taxname:315964","295881"
"1605260","Abantennarius nummifer","(Cuvier, 1817)","1605260","Abantennarius nummifer","(Cuvier, 1817)","","Animalia","Chordata","Teleostei","Lophiiformes","Antennariidae","Species","Abantennarius","","nummifer","","1","0","0","0","accepted","","2023-01-10","urn:lsid:marinespecies.org:taxname:1605260","295881"
"1592359","Abantennarius rosaceus","(Smith & Radcliffe, 1912)","1592359","Abantennarius rosaceus","(Smith & Radcliffe, 1912)","","Animalia","Chordata","Teleostei","Lophiiformes","Antennariidae","Species","Abantennarius","","rosaceus","","1","0","0","0","accepted","","2022-11-23","urn:lsid:marinespecies.org:taxname:1592359","295881"
"1592389","Abantennarius sanguineus","(Gill, 1863)","1592389","Abantennarius sanguineus","(Gill, 1863)","","Animalia","Chordata","Teleostei","Lophiiformes","Antennariidae","Species","Abantennarius","","sanguineus","","1","0","0","0","accepted","","2022-07-05","urn:lsid:marinespecies.org:taxname:1592389","295881"
"871359","Abarbatia","Dall, Bartsch & Rehder, 1938","511006","Barbatia (Abarbatia)","Dall, Bartsch & Rehder, 1938","0","Animalia","Mollusca","Bivalvia","Arcida","Arcidae","Genus","Abarbatia","","","","1","0","0","0","superseded rank","","2025-06-25","urn:lsid:marinespecies.org:taxname:871359","208"
"129205","Abarenicola","Wells, 1959","129205","Abarenicola","Wells, 1959","0","Animalia","Annelida","Polychaeta","","Arenicolidae","Genus","Abarenicola","","","","1","0","0","0","accepted","","2025-08-13","urn:lsid:marinespecies.org:taxname:129205","922"
"172999","Abarenicola affinis","(Ashworth, 1903)","172999","Abarenicola affinis","(Ashworth, 1903)","0","Animalia","Annelida","Polychaeta","","Arenicolidae","Species","Abarenicola","","affinis","","1","0","0","0","accepted","","2016-06-30","urn:lsid:marinespecies.org:taxname:172999","129205"
"173001","Abarenicola affinis affinis","(Ashworth, 1902)","172999","Abarenicola affinis","(Ashworth, 1903)","0","Animalia","Annelida","Polychaeta","","Arenicolidae","Subspecies","Abarenicola","","affinis","affinis","1","1","0","0","alternative representation","nominal subspecies","2016-06-30","urn:lsid:marinespecies.org:taxname:173001","172999"
"335345","Abarenicola affinis africana","Wells, 1963","335345","Abarenicola affinis africana","Wells, 1963","0","Animalia","Annelida","Polychaeta","","Arenicolidae","Subspecies","Abarenicola","","affinis","africana","1","0","0","0","accepted","","2008-03-26","urn:lsid:marinespecies.org:taxname:335345","172999"
"335346","Abarenicola affinis chilensis","Wells, 1963","335346","Abarenicola affinis chilensis","Wells, 1963","0","Animalia","Annelida","Polychaeta","","Arenicolidae","Subspecies","Abarenicola","","affinis","chilensis","1","0","0","0","accepted","","2008-03-26","urn:lsid:marinespecies.org:taxname:335346","172999"
"335347","Abarenicola affinis clarki","Wells, 1963","335347","Abarenicola affinis clarki","Wells, 1963","0","Animalia","Annelida","Polychaeta","","Arenicolidae","Subspecies","Abarenicola","","affinis","clarki","1","0","0","0","accepted","","2008-03-26","urn:lsid:marinespecies.org:taxname:335347","172999"
"173004","Abarenicola assimilis","(Ehlers, 1897)","173004","Abarenicola assimilis","(Ehlers, 1897)","0","Animalia","Annelida","Polychaeta","","Arenicolidae","Species","Abarenicola","","assimilis","","1","0","0","0","accepted","","2016-06-29","urn:lsid:marinespecies.org:taxname:173004","129205"
"173008","Abarenicola assimilis assimilis","(Ehlers, 1897)","173004","Abarenicola assimilis","(Ehlers, 1897)","0","Animalia","Annelida","Polychaeta","","Arenicolidae","Subspecies","Abarenicola","","assimilis","assimilis","1","0","0","0","unaccepted","species rank only, disused at subspecies rank","2018-01-28","urn:lsid:marinespecies.org:taxname:173008","173004"
"335348","Abarenicola assimilis brevior","Wells, 1963","1056831","Abarenicola brevior","Wells, 1963","0","Animalia","Annelida","Polychaeta","","Arenicolidae","Subspecies","Abarenicola","","assimilis","brevior","1","0","0","0","unaccepted","raised to species rank","2018-01-29","urn:lsid:marinespecies.org:taxname:335348","173004"
"335349","Abarenicola assimilis devia","Wells, 1963","413978","Abarenicola devia","Wells, 1963","0","Animalia","Annelida","Polychaeta","","Arenicolidae","Subspecies","Abarenicola","","assimilis","devia","1","0","0","0","unaccepted","raised to species rank","2018-01-29","urn:lsid:marinespecies.org:taxname:335349","173004"
"335350","Abarenicola assimilis haswelli","Wells, 1963","1056832","Abarenicola haswelli","Wells, 1963","0","Animalia","Annelida","Polychaeta","","Arenicolidae","Subspecies","Abarenicola","","assimilis","haswelli","1","0","0","0","unaccepted","raised to species rank","2018-01-29","urn:lsid:marinespecies.org:taxname:335350","173004"
"335351","Abarenicola assimilis insularum","Wells, 1963","413979","Abarenicola insularum","Wells, 1963","0","Animalia","Annelida","Polychaeta","","Arenicolidae","Subspecies","Abarenicola","","assimilis","insularum","1","0","0","0","superseded rank","rank upgrade to species","2023-11-24","urn:lsid:marinespecies.org:taxname:335351","173004"
"1056831","Abarenicola brevior","Wells, 1963","1056831","Abarenicola brevior","Wells, 1963","0","Animalia","Annelida","Polychaeta","","Arenicolidae","Species","Abarenicola","","brevior","","1","0","0","0","accepted","","2018-01-29","urn:lsid:marinespecies.org:taxname:1056831","129205"
"129864","Abarenicola claparedei","[auct. misspelling]","332877","Abarenicola claparedi","(Levinsen, 1884)","","Animalia","Annelida","Polychaeta","","Arenicolidae","Species","Abarenicola","","claparedei","","1","","","","unaccepted","misspelling in Bellan (2001)","2025-08-25","urn:lsid:marinespecies.org:taxname:129864","129205"
"332877","Abarenicola claparedi","(Levinsen, 1884)","332877","Abarenicola claparedi","(Levinsen, 1884)","0","Animalia","Annelida","Polychaeta","","Arenicolidae","Species","Abarenicola","","claparedi","","1","0","0","0","accepted","","2011-02-22","urn:lsid:marinespecies.org:taxname:332877","129205"
"335763","Abarenicola claparedi oceanica","(Healy & Wells, 1959)","335763","Abarenicola claparedi oceanica","(Healy & Wells, 1959)","0","Animalia","Annelida","Polychaeta","","Arenicolidae","Subspecies","Abarenicola","","claparedi","oceanica","1","0","0","0","accepted","","2025-08-25","urn:lsid:marinespecies.org:taxname:335763","332877"
"335762","Abarenicola claparedi vagabunda","Healy & Wells, 1959","335762","Abarenicola claparedi vagabunda","Healy & Wells, 1959","0","Animalia","Annelida","Polychaeta","","Arenicolidae","Subspecies","Abarenicola","","claparedi","vagabunda","1","0","0","0","accepted","","2025-08-21","urn:lsid:marinespecies.org:taxname:335762","332877"
"335068","Abarenicola claparedii","[auctt.]","332877","Abarenicola claparedi","(Levinsen, 1884)","0","Animalia","Annelida","Polychaeta","","Arenicolidae","Species","Abarenicola","","claparedii","","1","0","0","0","unaccepted","incorrect subsequent spelling","2011-02-22","urn:lsid:marinespecies.org:taxname:335068","129205"
"413978","Abarenicola devia","Wells, 1963","413978","Abarenicola devia","Wells, 1963","0","Animalia","Annelida","Polychaeta","","Arenicolidae","Species","Abarenicola","","devia","","1","1","0","0","accepted","","2019-09-29","urn:lsid:marinespecies.org:taxname:413978","129205"
"326191","Abarenicola gilchristi","Wells, 1963","326191","Abarenicola gilchristi","Wells, 1963","0","Animalia","Annelida","Polychaeta","","Arenicolidae","Species","Abarenicola","","gilchristi","","1","0","0","0","accepted","","2008-03-26","urn:lsid:marinespecies.org:taxname:326191","129205"
"1056832","Abarenicola haswelli","Wells, 1963","1056832","Abarenicola haswelli","Wells, 1963","0","Animalia","Annelida","Polychaeta","","Arenicolidae","Species","Abarenicola","","haswelli","","1","0","0","0","accepted","","2018-01-29","urn:lsid:marinespecies.org:taxname:1056832","129205"
"413979","Abarenicola insularum","Wells, 1963","413979","Abarenicola insularum","Wells, 1963","0","Animalia","Annelida","Polychaeta","","Arenicolidae","Species","Abarenicola","","insularum","","1","0","0","0","accepted","","2023-11-24","urn:lsid:marinespecies.org:taxname:413979","129205"
"326192","Abarenicola pacifica","Healy & Wells, 1959","326192","Abarenicola pacifica","Healy & Wells, 1959","0","Animalia","Annelida","Polychaeta","","Arenicolidae","Species","Abarenicola","","pacifica","","1","0","0","0","accepted","","2008-03-26","urn:lsid:marinespecies.org:taxname:326192","129205"
"129865","Abarenicola pusilla","(Quatrefages, 1866)","129865","Abarenicola pusilla","(Quatrefages, 1866)","0","Animalia","Annelida","Polychaeta","","Arenicolidae","Species","Abarenicola","","pusilla","","1","0","0","0","accepted","","2008-03-26","urn:lsid:marinespecies.org:taxname:129865","129205"
"336345","Abarenicola vagabunda","Healy & Wells, 1959","335762","Abarenicola claparedi vagabunda","Healy & Wells, 1959","0","Animalia","Annelida","Polychaeta","","Arenicolidae","Species","Abarenicola","","vagabunda","","1","0","0","0","unaccepted","superseded original combination","2008-03-26","urn:lsid:marinespecies.org:taxname:336345","129205"
"340847","Abarenicola vagabunda oceanica","Healy & Wells, 1959","335763","Abarenicola claparedi oceanica","(Healy & Wells, 1959)","0","Animalia","Annelida","Polychaeta","","Arenicolidae","Subspecies","Abarenicola","","vagabunda","oceanica","1","0","0","0","unaccepted","","2025-08-25","urn:lsid:marinespecies.org:taxname:340847","336345"
"602285","Abas","R.Ross & P.A.Sims, 1980","602285","Abas","R.Ross & P.A.Sims, 1980","1","Chromista","Heterokontophyta","Bacillariophyceae","Hemiaulales","Hemiaulaceae","Genus","Abas","","","","1","","","0","accepted","","2017-07-06","urn:lsid:marinespecies.org:taxname:602285","149235"
"616722","Abas wittii","(Grunow) R.Ross & P.A.Sims, 1980","616722","Abas wittii","(Grunow) R.Ross & P.A.Sims, 1980","1","Chromista","Heterokontophyta","Bacillariophyceae","Hemiaulales","Hemiaulaceae","Species","Abas","","wittii","","1","","","0","accepted","","2017-07-12","urn:lsid:marinespecies.org:taxname:616722","602285"
"292967","Abasia","Wilson C.B., 1908","292967","Abasia","Wilson C.B., 1908","","Animalia","Arthropoda","Copepoda","Siphonostomatoida","Caligidae","Genus","Abasia","","","","1","0","0","0","accepted","","2019-09-22","urn:lsid:marinespecies.org:taxname:292967","135513"
"292968","Abasia inflata","Cressey & Cressey, 1979","292968","Abasia inflata","Cressey & Cressey, 1979","","Animalia","Arthropoda","Copepoda","Siphonostomatoida","Caligidae","Species","Abasia","","inflata","","1","0","0","0","accepted","","2010-06-30","urn:lsid:marinespecies.org:taxname:292968","292967"
"348321","Abasia pillaii","Cressey & Cressey, 1979","348321","Abasia pillaii","Cressey & Cressey, 1979","","Animalia","Arthropoda","Copepoda","Siphonostomatoida","Caligidae","Species","Abasia","","pillaii","","1","0","0","0","accepted","","2008-07-15","urn:lsid:marinespecies.org:taxname:348321","292967"
"292969","Abasia platyrostris","Pillai, 1963","292969","Abasia platyrostris","Pillai, 1963","","Animalia","Arthropoda","Copepoda","Siphonostomatoida","Caligidae","Species","Abasia","","platyrostris","","1","0","0","0","accepted","","2022-05-14","urn:lsid:marinespecies.org:taxname:292969","292967"
"348322","Abasia pseudorostris","Wilson C.B., 1908","348322","Abasia pseudorostris","Wilson C.B., 1908","","Animalia","Arthropoda","Copepoda","Siphonostomatoida","Caligidae","Species","Abasia","","pseudorostris","","1","0","0","0","accepted","","2008-07-15","urn:lsid:marinespecies.org:taxname:348322","292967"
"348323","Abasia pusilla","Cressey & Cressey, 1979","348323","Abasia pusilla","Cressey & Cressey, 1979","","Animalia","Arthropoda","Copepoda","Siphonostomatoida","Caligidae","Species","Abasia","","pusilla","","1","0","0","0","accepted","","2008-07-15","urn:lsid:marinespecies.org:taxname:348323","292967"
"348324","Abasia tripartita","(Shiino, 1955)","348324","Abasia tripartita","(Shiino, 1955)","","Animalia","Arthropoda","Copepoda","Siphonostomatoida","Caligidae","Species","Abasia","","tripartita","","1","0","0","0","accepted","","2008-07-15","urn:lsid:marinespecies.org:taxname:348324","292967"
"1078328","Abasoloa","La Llave & Lex.","1075660","Eclipta","L.","","Plantae","Tracheophyta","Magnoliopsida","Asterales","Compositae","Genus","Abasoloa","","","","0","0","0","1","unaccepted","","2019-10-29","urn:lsid:marinespecies.org:taxname:1078328","1074868"
"1133290","Abasoloa taboada","La Llave & Lex.","1133290","Abasoloa taboada","La Llave & Lex.","","Plantae","Tracheophyta","Magnoliopsida","Asterales","Compositae","Species","Abasoloa","","taboada","","0","0","0","1","unassessed","","2019-10-29","urn:lsid:marinespecies.org:taxname:1133290","1078328"
"411339","Abatetia","Miller, 1945","411339","Abatetia","Miller, 1945","","Animalia","Arthropoda","Hexapoda","Diptera","Dolichopodidae","Genus","Abatetia","","","","1","","","","accepted","","2010-08-16","urn:lsid:marinespecies.org:taxname:411339","150958"
"414094","Abatetia robusta","(Parent, 1933)","414094","Abatetia robusta","(Parent, 1933)","","Animalia","Arthropoda","Hexapoda","Diptera","Dolichopodidae","Species","Abatetia","","robusta","","1","","","","accepted","","2013-10-11","urn:lsid:marinespecies.org:taxname:414094","411339"
"292970","Abathescalpellum","Newman & Ross, 1971","292970","Abathescalpellum","Newman & Ross, 1971","","Animalia","Arthropoda","Thecostraca","Scalpellomorpha","Scalpellidae","Genus","Abathescalpellum","","","","1","","","","accepted","","2020-03-07","urn:lsid:marinespecies.org:taxname:292970","534769"
"409945","Abathescalpellum fissum","(Hoek, 1907)","409945","Abathescalpellum fissum","(Hoek, 1907)","","Animalia","Arthropoda","Thecostraca","Scalpellomorpha","Scalpellidae","Species","Abathescalpellum","","fissum","","1","","","","accepted","","2019-08-23","urn:lsid:marinespecies.org:taxname:409945","292970"
"292971","Abathescalpellum koreanum","(Hiro, 1933)","292971","Abathescalpellum koreanum","(Hiro, 1933)","","Animalia","Arthropoda","Thecostraca","Scalpellomorpha","Scalpellidae","Species","Abathescalpellum","","koreanum","","1","","","","accepted","","2010-10-22","urn:lsid:marinespecies.org:taxname:292971","292970"
"721071","Abathomphalinae","Pessagno, 1967","721071","Abathomphalinae","Pessagno, 1967","1","Chromista","Foraminifera","Globothalamea","Rotaliida","Globotruncanidae","Subfamily","","","","","1","","0","0","accepted","","2013-03-07","urn:lsid:marinespecies.org:taxname:721071","720965"
"722186","Abathomphalus","Bolli, Loeblich & Tappan, 1957","722186","Abathomphalus","Bolli, Loeblich & Tappan, 1957","1","Chromista","Foraminifera","Globothalamea","Rotaliida","Globotruncanidae","Genus","Abathomphalus","","","","1","0","0","0","accepted","","2017-08-10","urn:lsid:marinespecies.org:taxname:722186","721071"
"896020","Abathomphalus asteroidalis","Salaj, 1983","896020","Abathomphalus asteroidalis","Salaj, 1983","1","Chromista","Foraminifera","Globothalamea","Rotaliida","Globotruncanidae","Species","Abathomphalus","","asteroidalis","","1","0","0","0","accepted","","2016-12-23","urn:lsid:marinespecies.org:taxname:896020","722186"
"734650","Abathomphalus intermedius","(Bolli, 1951)","734650","Abathomphalus intermedius","(Bolli, 1951)","1","Chromista","Foraminifera","Globothalamea","Rotaliida","Globotruncanidae","Species","Abathomphalus","","intermedius","","1","0","0","0","accepted","","2017-04-08","urn:lsid:marinespecies.org:taxname:734650","722186"
"734651","Abathomphalus mayaroensis","(Bolli, 1951)","734651","Abathomphalus mayaroensis","(Bolli, 1951)","1","Chromista","Foraminifera","Globothalamea","Rotaliida","Globotruncanidae","Species","Abathomphalus","","mayaroensis","","1","0","0","0","accepted","","2017-04-08","urn:lsid:marinespecies.org:taxname:734651","722186"
"1309598","Abathomphalus salajensis","Solakius, 1983","1309598","Abathomphalus salajensis","Solakius, 1983","1","Chromista","Foraminifera","Globothalamea","Rotaliida","Globotruncanidae","Species","Abathomphalus","","salajensis","","1","0","0","0","accepted","","2018-11-19","urn:lsid:marinespecies.org:taxname:1309598","722186"
"1294056","Abathymermis","Rubzov, 1971","1294056","Abathymermis","Rubzov, 1971","","Animalia","Nematoda","Enoplea","Mermithida","Mermithidae","Genus","Abathymermis","","","","","","1","","accepted","","2023-12-12","urn:lsid:marinespecies.org:taxname:1294056","1722008"
"1295657","Abathymermis acuticauda","Rubzov, 1974","1295657","Abathymermis acuticauda","Rubzov, 1974","","Animalia","Nematoda","Enoplea","Mermithida","Mermithidae","Species","Abathymermis","","acuticauda","","0","0","1","","accepted","","2023-12-12","urn:lsid:marinespecies.org:taxname:1295657","1294056"
"1295658","Abathymermis adventitia","Rubzov & Kokordyak, 1973","1295658","Abathymermis adventitia","Rubzov & Kokordyak, 1973","","Animalia","Nematoda","Enoplea","Mermithida","Mermithidae","Species","Abathymermis","","adventitia","","0","0","1","","accepted","","2018-09-04","urn:lsid:marinespecies.org:taxname:1295658","1294056"
"1295659","Abathymermis arenaria","(Coman, 1961) Rubzov, 1971","1295659","Abathymermis arenaria","(Coman, 1961) Rubzov, 1971","","Animalia","Nematoda","Enoplea","Mermithida","Mermithidae","Species","Abathymermis","","arenaria","","0","0","1","","accepted","","2023-12-12","urn:lsid:marinespecies.org:taxname:1295659","1294056"
"1295660","Abathymermis bissacea","Rubzov, 1973","1295660","Abathymermis bissacea","Rubzov, 1973","","Animalia","Nematoda","Enoplea","Mermithida","Mermithidae","Species","Abathymermis","","bissacea","","0","0","1","","accepted","","2018-09-04","urn:lsid:marinespecies.org:taxname:1295660","1294056"
"1295661","Abathymermis bissoidea","Rubzov, 1972","1295661","Abathymermis bissoidea","Rubzov, 1972","","Animalia","Nematoda","Enoplea","Mermithida","Mermithidae","Species","Abathymermis","","bissoidea","","0","0","1","","accepted","","2018-09-04","urn:lsid:marinespecies.org:taxname:1295661","1294056"
"1295662","Abathymermis brevicauda","(Rubzov, 1972)","1295662","Abathymermis brevicauda","(Rubzov, 1972)","","Animalia","Nematoda","Enoplea","Mermithida","Mermithidae","Species","Abathymermis","","brevicauda","","0","0","1","","accepted","","2023-12-12","urn:lsid:marinespecies.org:taxname:1295662","1294056"
"1295663","Abathymermis fiseri","Johnson & Kleve, 1995","1295663","Abathymermis fiseri","Johnson & Kleve, 1995","","Animalia","Nematoda","Enoplea","Mermithida","Mermithidae","Species","Abathymermis","","fiseri","","0","0","1","","accepted","","2018-09-04","urn:lsid:marinespecies.org:taxname:1295663","1294056"
"1295664","Abathymermis ivaschkini","Gafurov, 1980","1295664","Abathymermis ivaschkini","Gafurov, 1980","","Animalia","Nematoda","Enoplea","Mermithida","Mermithidae","Species","Abathymermis","","ivaschkini","","0","0","1","","accepted","","2018-09-04","urn:lsid:marinespecies.org:taxname:1295664","1294056"
"1722272","Abathymermis jugulata","(Coman, 1961)","1295935","Isthmusimermis jugulata","(Coman, 1961)","","Animalia","Nematoda","Enoplea","Mermithida","Mermithidae","Species","Abathymermis","","jugulata","","0","0","1","","superseded combination","","2024-08-08","urn:lsid:marinespecies.org:taxname:1722272","1294056"
"1295665","Abathymermis microamphidis","Rubzov, 1972","1295665","Abathymermis microamphidis","Rubzov, 1972","","Animalia","Nematoda","Enoplea","Mermithida","Mermithidae","Species","Abathymermis","","microamphidis","","0","0","1","","accepted","","2018-09-04","urn:lsid:marinespecies.org:taxname:1295665","1294056"
"1722265","Abathymermis oesophaga","Gafurov & An, 1989","1722265","Abathymermis oesophaga","Gafurov & An, 1989","","Animalia","Nematoda","Enoplea","Mermithida","Mermithidae","Species","Abathymermis","","oesophaga","","0","0","1","","accepted","","2023-12-12","urn:lsid:marinespecies.org:taxname:1722265","1294056"
"1722266","Abathymermis ovtschinnikovi","Ipatjeva & Pimenova, 1980","1722266","Abathymermis ovtschinnikovi","Ipatjeva & Pimenova, 1980","","Animalia","Nematoda","Enoplea","Mermithida","Mermithidae","Species","Abathymermis","","ovtschinnikovi","","0","0","1","","accepted","","2023-12-12","urn:lsid:marinespecies.org:taxname:1722266","1294056"
"1722267","Abathymermis oxycerca","(Steiner, 1929)","1722267","Abathymermis oxycerca","(Steiner, 1929)","","Animalia","Nematoda","Enoplea","Mermithida","Mermithidae","Species","Abathymermis","","oxycerca","","0","0","1","","accepted","","2023-12-12","urn:lsid:marinespecies.org:taxname:1722267","1294056"
"1295666","Abathymermis parva","Rubzov, 1973","1722640","Amphibiomermis parva","(Rubzov, 1976)","","Animalia","Nematoda","Enoplea","Mermithida","Mermithidae","Species","Abathymermis","","parva","","0","0","1","","superseded combination","","2024-08-08","urn:lsid:marinespecies.org:taxname:1295666","1294056"
"1295667","Abathymermis parvula","Rubzov, 1976","1295667","Abathymermis parvula","Rubzov, 1976","","Animalia","Nematoda","Enoplea","Mermithida","Mermithidae","Species","Abathymermis","","parvula","","0","0","1","","accepted","","2018-09-04","urn:lsid:marinespecies.org:taxname:1295667","1294056"
"1722274","Abathymermis paucipapilla","(Coman, 1961)","1295936","Isthmusimermis paucipapilla","(Coman, 1963)","","Animalia","Nematoda","Enoplea","Mermithida","Mermithidae","Species","Abathymermis","","paucipapilla","","0","0","1","","superseded combination","","2024-08-08","urn:lsid:marinespecies.org:taxname:1722274","1294056"
"1295668","Abathymermis shocki","Johnson & Kleve, 1995","1295668","Abathymermis shocki","Johnson & Kleve, 1995","","Animalia","Nematoda","Enoplea","Mermithida","Mermithidae","Species","Abathymermis","","shocki","","0","0","1","","accepted","","2018-09-04","urn:lsid:marinespecies.org:taxname:1295668","1294056"
"1295442","Abathymermis tenuicauda","(Rubzov, 1967)","1295442","Abathymermis tenuicauda","(Rubzov, 1967)","","Animalia","Nematoda","Enoplea","Mermithida","Mermithidae","Species","Abathymermis","","tenuicauda","","0","0","1","","accepted","","2023-12-12","urn:lsid:marinespecies.org:taxname:1295442","1294056"
"890868","Abatodesmus","Silvestri, 1903","890868","Abatodesmus","Silvestri, 1903","","Animalia","Arthropoda","Diplopoda","Polydesmida","Dalodesmidae","Genus","Abatodesmus","","","","0","0","0","1","accepted","","2017-09-01","urn:lsid:marinespecies.org:taxname:890868","394549"
"937353","Abatodesmus chilensis","Silvestri, 1903","937353","Abatodesmus chilensis","Silvestri, 1903","","Animalia","Arthropoda","Diplopoda","Polydesmida","Dalodesmidae","Species","Abatodesmus","","chilensis","","0","0","0","1","accepted","","2017-01-19","urn:lsid:marinespecies.org:taxname:937353","890868"
"994322","Abatodesmus simplicior","Golovatch, 2014","994322","Abatodesmus simplicior","Golovatch, 2014","","Animalia","Arthropoda","Diplopoda","Polydesmida","Dalodesmidae","Species","Abatodesmus","","simplicior","","0","","","1","accepted","","2017-06-06","urn:lsid:marinespecies.org:taxname:994322","890868"
"937354","Abatodesmus velosoi","Demange & Silva, 1971","937354","Abatodesmus velosoi","Demange & Silva, 1971","","Animalia","Arthropoda","Diplopoda","Polydesmida","Dalodesmidae","Species","Abatodesmus","","velosoi","","0","0","0","1","accepted","","2017-01-19","urn:lsid:marinespecies.org:taxname:937354","890868"
"160735","Abatus","Troschel, 1851","160735","Abatus","Troschel, 1851","0","Animalia","Echinodermata","Echinoidea","Spatangoida","Schizasteridae","Genus","Abatus","","","","1","0","0","0","accepted","","2010-09-06","urn:lsid:marinespecies.org:taxname:160735","123176"
"512950","Abatus (Pseudabatus)","Koehler, 1911","512950","Abatus (Pseudabatus)","Koehler, 1911","0","Animalia","Echinodermata","Echinoidea","Spatangoida","Schizasteridae","Subgenus","Abatus","Pseudabatus","","","1","0","0","0","accepted","","2011-12-13","urn:lsid:marinespecies.org:taxname:512950","160735"
"513801","Abatus (Pseudabatus) nimrodi","(Koehler, 1911)","513801","Abatus (Pseudabatus) nimrodi","(Koehler, 1911)","0","Animalia","Echinodermata","Echinoidea","Spatangoida","Schizasteridae","Species","Abatus","Pseudabatus","nimrodi","","1","0","0","0","accepted","","2011-12-13","urn:lsid:marinespecies.org:taxname:513801","512950"
"160759","Abatus agassizii","Mortensen, 1910","160759","Abatus agassizii","Mortensen, 1910","0","Animalia","Echinodermata","Echinoidea","Spatangoida","Schizasteridae","Species","Abatus","","agassizii","","1","0","0","0","accepted","","2014-11-02","urn:lsid:marinespecies.org:taxname:160759","160735"
"569216","Abatus australis","(Philippi, 1845)","160762","Abatus cavernosus","(Philippi, 1845)","0","Animalia","Echinodermata","Echinoidea","Spatangoida","Schizasteridae","Species","Abatus","","australis","","1","0","0","0","unaccepted","subjective junior synonym","2013-08-20","urn:lsid:marinespecies.org:taxname:569216","160735"
"160760","Abatus beatriceae","(Larrain, 1986)","160760","Abatus beatriceae","(Larrain, 1986)","0","Animalia","Echinodermata","Echinoidea","Spatangoida","Schizasteridae","Species","Abatus","","beatriceae","","1","0","0","0","accepted","","2011-05-06","urn:lsid:marinespecies.org:taxname:160760","160735"
"160761","Abatus bidens","Mortensen, 1910","513701","Abatus cavernosus bidens","Mortensen, 1910","0","Animalia","Echinodermata","Echinoidea","Spatangoida","Schizasteridae","Species","Abatus","","bidens","","1","0","0","0","unaccepted","accepted at subspecies rank","2019-01-07","urn:lsid:marinespecies.org:taxname:160761","160735"
"160762","Abatus cavernosus","(Philippi, 1845)","160762","Abatus cavernosus","(Philippi, 1845)","0","Animalia","Echinodermata","Echinoidea","Spatangoida","Schizasteridae","Species","Abatus","","cavernosus","","1","0","0","0","accepted","","2021-01-10","urn:lsid:marinespecies.org:taxname:160762","160735"
"513701","Abatus cavernosus bidens","Mortensen, 1910","513701","Abatus cavernosus bidens","Mortensen, 1910","0","Animalia","Echinodermata","Echinoidea","Spatangoida","Schizasteridae","Subspecies","Abatus","","cavernosus","bidens","1","0","0","0","accepted","","2013-08-20","urn:lsid:marinespecies.org:taxname:513701","160762"
"608108","Abatus cavernosus cavernosus","(Philippi, 1845)","608108","Abatus cavernosus cavernosus","(Philippi, 1845)","0","Animalia","Echinodermata","Echinoidea","Spatangoida","Schizasteridae","Subspecies","Abatus","","cavernosus","cavernosus","1","0","0","0","accepted","","2012-08-31","urn:lsid:marinespecies.org:taxname:608108","160762"
"174972","Abatus cavernosus var. bidens","Mortensen, 1910","513701","Abatus cavernosus bidens","Mortensen, 1910","0","Animalia","Echinodermata","Echinoidea","Spatangoida","Schizasteridae","Variety","Abatus","","cavernosus","","1","0","0","0","unaccepted","accepted at subspecies rank","2019-01-07","urn:lsid:marinespecies.org:taxname:174972","160762"
"160763","Abatus cordatus","(Verrill, 1876)","160763","Abatus cordatus","(Verrill, 1876)","0","Animalia","Echinodermata","Echinoidea","Spatangoida","Schizasteridae","Species","Abatus","","cordatus","","1","0","0","0","accepted","","2013-08-20","urn:lsid:marinespecies.org:taxname:160763","160735"
"160764","Abatus curvidens","Mortensen, 1936","160764","Abatus curvidens","Mortensen, 1936","0","Animalia","Echinodermata","Echinoidea","Spatangoida","Schizasteridae","Species","Abatus","","curvidens","","1","0","0","0","accepted","","2017-06-13","urn:lsid:marinespecies.org:taxname:160764","160735"
"160765","Abatus elongatus","(Koehler, 1908)","569218","Abatus koehleri","(Thiéry, 1909)","0","Animalia","Echinodermata","Echinoidea","Spatangoida","Schizasteridae","Species","Abatus","","elongatus","","1","0","0","0","unaccepted","junior primary homonym of Hemiaster elongatus Duncan & Sladen, 1882 (echinoid)","2015-01-23","urn:lsid:marinespecies.org:taxname:160765","160735"
"569217","Abatus gallegosensis","(de Loriol, 1904)","160762","Abatus cavernosus","(Philippi, 1845)","0","Animalia","Echinodermata","Echinoidea","Spatangoida","Schizasteridae","Species","Abatus","","gallegosensis","","1","0","0","0","unaccepted","subjective junior synonym","2013-02-07","urn:lsid:marinespecies.org:taxname:569217","160735"
"160766","Abatus ingens","Koehler, 1926","160766","Abatus ingens","Koehler, 1926","0","Animalia","Echinodermata","Echinoidea","Spatangoida","Schizasteridae","Species","Abatus","","ingens","","1","0","0","0","accepted","","2013-08-20","urn:lsid:marinespecies.org:taxname:160766","160735"
"1033778","Abatus kieri","McKinney, McNamara & Wiedman, 1988","1033778","Abatus kieri","McKinney, McNamara & Wiedman, 1988","1","Animalia","Echinodermata","Echinoidea","Spatangoida","Schizasteridae","Species","Abatus","","kieri","","1","0","0","0","accepted","","2017-09-07","urn:lsid:marinespecies.org:taxname:1033778","160735"
"569218","Abatus koehleri","(Thiéry, 1909)","569218","Abatus koehleri","(Thiéry, 1909)","0","Animalia","Echinodermata","Echinoidea","Spatangoida","Schizasteridae","Species","Abatus","","koehleri","","1","0","0","0","accepted","","2015-01-23","urn:lsid:marinespecies.org:taxname:569218","160735"
"160767","Abatus nimrodi","(Koehler, 1911)","513497","Pseudabatus nimrodi","Koehler, 1911","0","Animalia","Echinodermata","Echinoidea","Spatangoida","Schizasteridae","Species","Abatus","","nimrodi","","1","0","0","0","unaccepted","unaccepted combination","2013-08-20","urn:lsid:marinespecies.org:taxname:160767","160735"
"174976","Abatus philippi","Lovén, 1871","160768","Abatus philippii","Lovén, 1871","0","Animalia","Echinodermata","Echinoidea","Spatangoida","Schizasteridae","Species","Abatus","","philippi","","1","0","0","0","unaccepted","misspelling","2019-01-07","urn:lsid:marinespecies.org:taxname:174976","160735"
"160768","Abatus philippii","Lovén, 1871","160768","Abatus philippii","Lovén, 1871","0","Animalia","Echinodermata","Echinoidea","Spatangoida","Schizasteridae","Species","Abatus","","philippii","","1","0","0","0","accepted","","2013-08-20","urn:lsid:marinespecies.org:taxname:160768","160735"
"160769","Abatus shackletoni","Koehler, 1911","160769","Abatus shackletoni","Koehler, 1911","0","Animalia","Echinodermata","Echinoidea","Spatangoida","Schizasteridae","Species","Abatus","","shackletoni","","1","0","0","0","accepted","","2013-08-20","urn:lsid:marinespecies.org:taxname:160769","160735"
"556022","Abavopsis","Salvini-Plawen, 1973","556022","Abavopsis","Salvini-Plawen, 1973","0","Animalia","Mollusca","Gastropoda","Cephalaspidea","Philinoglossidae","Genus","Abavopsis","","","","1","0","0","0","accepted","","2023-08-17","urn:lsid:marinespecies.org:taxname:556022","13543"
"556023","Abavopsis latosoleata","(Salvini-Plawen, 1973)","556023","Abavopsis latosoleata","(Salvini-Plawen, 1973)","","Animalia","Mollusca","Gastropoda","Cephalaspidea","Philinoglossidae","Species","Abavopsis","","latosoleata","","1","","","","accepted","","2010-12-17","urn:lsid:marinespecies.org:taxname:556023","556022"
"998274","Abbadia","Bourguignat, 1883","996109","Macroptychia","O. Boettger, 1877","","Animalia","Mollusca","Gastropoda","Stylommatophora","Clausiliidae","Genus","Abbadia","","","","0","0","0","1","junior subjective synonym","","2023-10-01","urn:lsid:marinespecies.org:taxname:998274","994896"
"1327023","Abbadia aethiopica","Bourguignat, 1883","1326995","Macroptychia aethiopica","(Bourguignat, 1883)","","Animalia","Mollusca","Gastropoda","Stylommatophora","Clausiliidae","Species","Abbadia","","aethiopica","","0","0","0","1","unaccepted","original combination","2020-03-20","urn:lsid:marinespecies.org:taxname:1327023","998274"
"494149","Abbotia","L.P.Perestenko, 1975","369932","Neoabbottiella","Perestenko, 1982","","Plantae","Rhodophyta","Florideophyceae","Halymeniales","Halymeniaceae","Genus","Abbotia","","","","","","","","unaccepted","synonym","2010-08-12","urn:lsid:marinespecies.org:taxname:494149","143697"
"369307","Abbottella","Hollenberg, 1967","369307","Abbottella","Hollenberg, 1967","","Plantae","Rhodophyta","Florideophyceae","Ceramiales","Rhodomelaceae","Genus","Abbottella","","","","1","","","","accepted","","2008-11-05","urn:lsid:marinespecies.org:taxname:369307","143674"
"932847","Abbottella","J. B. Henderson & Bartsch, 1920","932847","Abbottella","J. B. Henderson & Bartsch, 1920","","Animalia","Mollusca","Gastropoda","Littorinimorpha","Annulariidae","Genus","Abbottella","","","","0","0","0","1","accepted","","2021-03-14","urn:lsid:marinespecies.org:taxname:932847","932868"
"997291","Abbottella (Abbottella)","J. B. Henderson & Bartsch, 1920","932847","Abbottella","J. B. Henderson & Bartsch, 1920","","Animalia","Mollusca","Gastropoda","Littorinimorpha","Annulariidae","Subgenus","Abbottella","Abbottella","","","0","0","0","1","alternative representation","","2021-03-14","urn:lsid:marinespecies.org:taxname:997291","932847"
"1427652","Abbottella (Abbottella) abbotti","Bartsch, 1946","1443748","Abbottipoma abbotti","(Bartsch, 1946)","","Animalia","Mollusca","Gastropoda","Littorinimorpha","Annulariidae","Species","Abbottella","Abbottella","abbotti","","0","0","0","1","unaccepted","","2020-06-25","urn:lsid:marinespecies.org:taxname:1427652","997291"
"1427655","Abbottella (Abbottella) adolfi","(L. Pfeiffer, 1852)","1443755","Arenabbottella adolfi","(L. Pfeiffer, 1852)","","Animalia","Mollusca","Gastropoda","Littorinimorpha","Annulariidae","Species","Abbottella","Abbottella","adolfi","","0","0","0","1","unaccepted","","2020-06-25","urn:lsid:marinespecies.org:taxname:1427655","997291"
"1427658","Abbottella (Abbottella) adolfi adolfi","(L. Pfeiffer, 1852)","1443755","Arenabbottella adolfi","(L. Pfeiffer, 1852)","","Animalia","Mollusca","Gastropoda","Littorinimorpha","Annulariidae","Subspecies","Abbottella","Abbottella","adolfi","adolfi","0","0","0","1","unaccepted","","2020-06-25","urn:lsid:marinespecies.org:taxname:1427658","1427655"
"1427660","Abbottella (Abbottella) adolfi peninsularis","Bartsch, 1946","1427659","Abbottella adolfi peninsularis","Bartsch, 1946","0","Animalia","Mollusca","Gastropoda","Littorinimorpha","Annulariidae","Subspecies","Abbottella","Abbottella","adolfi","peninsularis","0","0","0","1","alternative representation","","2024-09-22","urn:lsid:marinespecies.org:taxname:1427660","1427655"
"1427662","Abbottella (Abbottella) aenea","Watters, 2010","1443756","Arenabbottella aenea","(Watters, 2010)","","Animalia","Mollusca","Gastropoda","Littorinimorpha","Annulariidae","Species","Abbottella","Abbottella","aenea","","0","0","0","1","unaccepted","basionym","2020-06-25","urn:lsid:marinespecies.org:taxname:1427662","997291"
"1427638","Abbottella (Abbottella) calliotropis","Watters, 2013","1443763","Arenabbottella calliotropis","(Watters, 2013)","","Animalia","Mollusca","Gastropoda","Littorinimorpha","Annulariidae","Species","Abbottella","Abbottella","calliotropis","","0","0","0","1","unaccepted","basionym","2020-06-25","urn:lsid:marinespecies.org:taxname:1427638","997291"
"1427664","Abbottella (Abbottella) crossei","(Pilsbry, 1933)","1443749","Abbottipoma crossei","(Pilsbry, 1933)","","Animalia","Mollusca","Gastropoda","Littorinimorpha","Annulariidae","Species","Abbottella","Abbottella","crossei","","0","0","0","1","unaccepted","","2020-06-25","urn:lsid:marinespecies.org:taxname:1427664","997291"
"1427640","Abbottella (Abbottella) diadema","Watters, 2013","1443959","Microabbottella diadema","(Watters, 2013)","","Animalia","Mollusca","Gastropoda","Littorinimorpha","Annulariidae","Species","Abbottella","Abbottella","diadema","","0","0","0","1","unaccepted","basionym","2022-06-20","urn:lsid:marinespecies.org:taxname:1427640","997291"
"1427642","Abbottella (Abbottella) dichroa","Watters, 2013","1443819","Arenabbottella dichroa","(Watters, 2013)","","Animalia","Mollusca","Gastropoda","Littorinimorpha","Annulariidae","Species","Abbottella","Abbottella","dichroa","","0","0","0","1","unaccepted","basionym","2020-06-25","urn:lsid:marinespecies.org:taxname:1427642","997291"
"1442348","Abbottella (Abbottella) harpeza","Watters & Duffy, 2010","1443749","Abbottipoma crossei","(Pilsbry, 1933)","","Animalia","Mollusca","Gastropoda","Littorinimorpha","Annulariidae","Species","Abbottella","Abbottella","harpeza","","0","0","0","1","unaccepted","","2020-06-25","urn:lsid:marinespecies.org:taxname:1442348","997291"
"1442350","Abbottella (Abbottella) mellosa","Watters & Duffy, 2010","1443824","Arenabbottella mellosa","(Watters & Duffy, 2010)","","Animalia","Mollusca","Gastropoda","Littorinimorpha","Annulariidae","Species","Abbottella","Abbottella","mellosa","","0","0","0","1","unaccepted","basionym","2020-06-25","urn:lsid:marinespecies.org:taxname:1442350","997291"
"1427666","Abbottella (Abbottella) milleacantha","Watters & Duffy, 2010","1443876","Arenabbottella milleacantha","(Watters & Duffy, 2010)","","Animalia","Mollusca","Gastropoda","Littorinimorpha","Annulariidae","Species","Abbottella","Abbottella","milleacantha","","0","0","0","1","unaccepted","basionym","2020-06-25","urn:lsid:marinespecies.org:taxname:1427666","997291"
"1427644","Abbottella (Abbottella) nitens","Watters, 2013","1443880","Arenabbottella nitens","(Watters, 2013)","","Animalia","Mollusca","Gastropoda","Littorinimorpha","Annulariidae","Species","Abbottella","Abbottella","nitens","","0","0","0","1","unaccepted","","2020-06-25","urn:lsid:marinespecies.org:taxname:1427644","997291"
"1427668","Abbottella (Abbottella) rosaliae","(L. Pfeiffer, 1858)","1443906","Arenabbottella rosaliae","(L. Pfeiffer, 1858)","","Animalia","Mollusca","Gastropoda","Littorinimorpha","Annulariidae","Species","Abbottella","Abbottella","rosaliae","","0","0","0","1","unaccepted","","2020-06-25","urn:lsid:marinespecies.org:taxname:1427668","997291"
"1427670","Abbottella (Abbottella) samanensis","Bartsch, 1946","1443912","Arenabbottella samanensis","(Bartsch, 1946)","","Animalia","Mollusca","Gastropoda","Littorinimorpha","Annulariidae","Species","Abbottella","Abbottella","samanensis","","0","0","0","1","unaccepted","","2020-06-25","urn:lsid:marinespecies.org:taxname:1427670","997291"
"1427672","Abbottella (Abbottella) sanchezi","Bartsch, 1946","1443946","Arenabbottella sanchezi","(Bartsch, 1946)","","Animalia","Mollusca","Gastropoda","Littorinimorpha","Annulariidae","Species","Abbottella","Abbottella","sanchezi","","0","0","0","1","unaccepted","","2020-06-25","urn:lsid:marinespecies.org:taxname:1427672","997291"
"1427674","Abbottella (Abbottella) sosuaensis","Bartsch, 1946","1443754","Arenabbottella sosuaensis","(Bartsch, 1946)","","Animalia","Mollusca","Gastropoda","Littorinimorpha","Annulariidae","Species","Abbottella","Abbottella","sosuaensis","","0","0","0","1","unaccepted","","2020-06-25","urn:lsid:marinespecies.org:taxname:1427674","997291"
"1427646","Abbottella (Abbottella) tenebrosa","Watters, 2013","1443951","Arenabbottella tenebrosa","(Watters, 2013)","","Animalia","Mollusca","Gastropoda","Littorinimorpha","Annulariidae","Species","Abbottella","Abbottella","tenebrosa","","0","0","0","1","unaccepted","basionym","2020-06-25","urn:lsid:marinespecies.org:taxname:1427646","997291"
"1438384","Abbottella (Abbottella) urbana","Watters, 2012","1443954","Arenabbottella urbana","(Watters, 2012)","","Animalia","Mollusca","Gastropoda","Littorinimorpha","Annulariidae","Species","Abbottella","Abbottella","urbana","","0","0","0","1","unaccepted","basionym","2020-06-25","urn:lsid:marinespecies.org:taxname:1438384","997291"
"1427676","Abbottella (Abbottella) wilhelmi","(L. Pfeiffer, 1858)","1443955","Arenabbottella wilhelmi","(L. Pfeiffer, 1858)","","Animalia","Mollusca","Gastropoda","Littorinimorpha","Annulariidae","Species","Abbottella","Abbottella","wilhelmi","","0","0","0","1","unaccepted","","2020-06-25","urn:lsid:marinespecies.org:taxname:1427676","997291"
"997292","Abbottella (Gundlachtudora)","C. de la Torre & Bartsch, 1941","1531680","Tudora (Gundlachtudora)","C. de la Torre & Bartsch, 1941","","Animalia","Mollusca","Gastropoda","Littorinimorpha","Annulariidae","Subgenus","Abbottella","Gundlachtudora","","","0","0","0","1","superseded combination","","2025-02-02","urn:lsid:marinespecies.org:taxname:997292","932847"
"1427678","Abbottella (Gundlachtudora) bompardopolensis","Bartsch, 1946","1443975","Rolleia bombardopolensis","(Bartsch, 1946)","","Animalia","Mollusca","Gastropoda","Littorinimorpha","Annulariidae","Species","Abbottella","Gundlachtudora","bompardopolensis","","0","0","0","1","unaccepted","","2020-06-25","urn:lsid:marinespecies.org:taxname:1427678","997292"
"1427648","Abbottella (Gundlachtudora) paradoxa","Watters, 2013","1444001","Rolleia paradoxa","(Watters, 2013)","","Animalia","Mollusca","Gastropoda","Littorinimorpha","Annulariidae","Species","Abbottella","Gundlachtudora","paradoxa","","0","0","0","1","unaccepted","basionym","2020-06-25","urn:lsid:marinespecies.org:taxname:1427648","997292"
"1427651","Abbottella abbotti","Bartsch, 1946","1443748","Abbottipoma abbotti","(Bartsch, 1946)","","Animalia","Mollusca","Gastropoda","Littorinimorpha","Annulariidae","Species","Abbottella","","abbotti","","0","0","0","1","superseded combination","","2024-12-23","urn:lsid:marinespecies.org:taxname:1427651","932847"
"1427654","Abbottella adolfi","(L. Pfeiffer, 1852)","1443755","Arenabbottella adolfi","(L. Pfeiffer, 1852)","","Animalia","Mollusca","Gastropoda","Littorinimorpha","Annulariidae","Species","Abbottella","","adolfi","","0","0","0","1","unaccepted","","2020-06-25","urn:lsid:marinespecies.org:taxname:1427654","932847"
"1427657","Abbottella adolfi adolfi","(L. Pfeiffer, 1852)","1443755","Arenabbottella adolfi","(L. Pfeiffer, 1852)","","Animalia","Mollusca","Gastropoda","Littorinimorpha","Annulariidae","Subspecies","Abbottella","","adolfi","adolfi","0","0","0","1","unaccepted","","2020-06-25","urn:lsid:marinespecies.org:taxname:1427657","1427654"
"1427659","Abbottella adolfi peninsularis","Bartsch, 1946","1443946","Arenabbottella sanchezi","(Bartsch, 1946)","0","Animalia","Mollusca","Gastropoda","Littorinimorpha","Annulariidae","Subspecies","Abbottella","","adolfi","peninsularis","0","0","0","1","junior subjective synonym","","2024-09-30","urn:lsid:marinespecies.org:taxname:1427659","1427654"
"1443947","Abbottella adolphi","[sic]","1443755","Arenabbottella adolfi","(L. Pfeiffer, 1852)","","Animalia","Mollusca","Gastropoda","Littorinimorpha","Annulariidae","Species","Abbottella","","adolphi","","0","0","0","1","misspelling - incorrect subsequent spelling","","2022-09-30","urn:lsid:marinespecies.org:taxname:1443947","932847"
"1443949","Abbottella adolphi peninsularis","Bartsch, 1946","1443946","Arenabbottella sanchezi","(Bartsch, 1946)","","Animalia","Mollusca","Gastropoda","Littorinimorpha","Annulariidae","Subspecies","Abbottella","","adolphi","peninsularis","0","0","0","1","junior subjective synonym","misspelling of adolfi","2024-10-04","urn:lsid:marinespecies.org:taxname:1443949","1443947"
"1427661","Abbottella aenea","Watters, 2010","1443756","Arenabbottella aenea","(Watters, 2010)","","Animalia","Mollusca","Gastropoda","Littorinimorpha","Annulariidae","Species","Abbottella","","aenea","","0","0","0","1","unaccepted","original combination","2023-11-10","urn:lsid:marinespecies.org:taxname:1427661","932847"
"1427677","Abbottella bompardopolensis","(Bartsch, 1946)","1443975","Rolleia bombardopolensis","(Bartsch, 1946)","","Animalia","Mollusca","Gastropoda","Littorinimorpha","Annulariidae","Species","Abbottella","","bompardopolensis","","0","0","0","1","superseded combination","","2023-11-10","urn:lsid:marinespecies.org:taxname:1427677","932847"
"1427637","Abbottella calliotropis","Watters, 2013","1443763","Arenabbottella calliotropis","(Watters, 2013)","","Animalia","Mollusca","Gastropoda","Littorinimorpha","Annulariidae","Species","Abbottella","","calliotropis","","0","0","0","1","unaccepted","original combination","2020-06-25","urn:lsid:marinespecies.org:taxname:1427637","932847"
"932871","Abbottella crataegus","Watters, 2016","932871","Abbottella crataegus","Watters, 2016","","Animalia","Mollusca","Gastropoda","Littorinimorpha","Annulariidae","Species","Abbottella","","crataegus","","0","0","0","1","accepted","","2017-01-03","urn:lsid:marinespecies.org:taxname:932871","932847"
"1427663","Abbottella crossei","(Pilsbry, 1933)","1443749","Abbottipoma crossei","(Pilsbry, 1933)","","Animalia","Mollusca","Gastropoda","Littorinimorpha","Annulariidae","Species","Abbottella","","crossei","","0","0","0","1","unaccepted","","2020-06-25","urn:lsid:marinespecies.org:taxname:1427663","932847"
"1427639","Abbottella diadema","Watters, 2013","1443959","Microabbottella diadema","(Watters, 2013)","","Animalia","Mollusca","Gastropoda","Littorinimorpha","Annulariidae","Species","Abbottella","","diadema","","0","0","0","1","unaccepted","","2020-06-25","urn:lsid:marinespecies.org:taxname:1427639","932847"
"1427641","Abbottella dichroa","Watters, 2013","1443819","Arenabbottella dichroa","(Watters, 2013)","","Animalia","Mollusca","Gastropoda","Littorinimorpha","Annulariidae","Species","Abbottella","","dichroa","","0","0","0","1","unaccepted","original combination","2020-06-25","urn:lsid:marinespecies.org:taxname:1427641","932847"
"932851","Abbottella domingoensis","Bartsch, 1946","932851","Abbottella domingoensis","Bartsch, 1946","","Animalia","Mollusca","Gastropoda","Littorinimorpha","Annulariidae","Species","Abbottella","","domingoensis","","0","0","0","1","accepted","","2017-01-03","urn:lsid:marinespecies.org:taxname:932851","932847"
"1434298","Abbottella gabbi","(Crosse, 1873)","1443752","Abbottipoma gabbi","(Crosse, 1873)","0","Animalia","Mollusca","Gastropoda","Littorinimorpha","Annulariidae","Species","Abbottella","","gabbi","","0","0","0","1","unaccepted","","2020-06-25","urn:lsid:marinespecies.org:taxname:1434298","932847"
"1443753","Abbottella gabbi gabbi","(Crosse, 1873)","1443752","Abbottipoma gabbi","(Crosse, 1873)","","Animalia","Mollusca","Gastropoda","Littorinimorpha","Annulariidae","Subspecies","Abbottella","","gabbi","gabbi","0","0","0","1","unaccepted","","2020-06-25","urn:lsid:marinespecies.org:taxname:1443753","1434298"
"1443751","Abbottella gabbi pilsbryi","Bartsch, 1946","1443749","Abbottipoma crossei","(Pilsbry, 1933)","","Animalia","Mollusca","Gastropoda","Littorinimorpha","Annulariidae","Subspecies","Abbottella","","gabbi","pilsbryi","0","0","0","1","unaccepted","","2020-06-25","urn:lsid:marinespecies.org:taxname:1443751","1434298"
"1443745","Abbottella haitensis","Bartsch, 1946","1443745","Abbottella haitensis","Bartsch, 1946","","Animalia","Mollusca","Gastropoda","Littorinimorpha","Annulariidae","Species","Abbottella","","haitensis","","0","0","0","1","accepted","","2020-06-25","urn:lsid:marinespecies.org:taxname:1443745","932847"
"1442346","Abbottella harpeza","Watters & Duffy, 2010","1443749","Abbottipoma crossei","(Pilsbry, 1933)","","Animalia","Mollusca","Gastropoda","Littorinimorpha","Annulariidae","Species","Abbottella","","harpeza","","0","0","0","1","unaccepted","","2020-06-25","urn:lsid:marinespecies.org:taxname:1442346","932847"
"1442349","Abbottella mellosa","Watters & Duffy, 2010","1443824","Arenabbottella mellosa","(Watters & Duffy, 2010)","","Animalia","Mollusca","Gastropoda","Littorinimorpha","Annulariidae","Species","Abbottella","","mellosa","","0","0","0","1","unaccepted","original combination","2020-08-15","urn:lsid:marinespecies.org:taxname:1442349","932847"
"1427665","Abbottella milleacantha","Watters & Duffy, 2010","1443876","Arenabbottella milleacantha","(Watters & Duffy, 2010)","","Animalia","Mollusca","Gastropoda","Littorinimorpha","Annulariidae","Species","Abbottella","","milleacantha","","0","0","0","1","unaccepted","original combination","2020-06-25","urn:lsid:marinespecies.org:taxname:1427665","932847"
"932848","Abbottella moreletiana","(Crosse, 1873)","932848","Abbottella moreletiana","(Crosse, 1873)","","Animalia","Mollusca","Gastropoda","Littorinimorpha","Annulariidae","Species","Abbottella","","moreletiana","","0","0","0","1","accepted","","2017-01-03","urn:lsid:marinespecies.org:taxname:932848","932847"
"932869","Abbottella moreletiana domingoensis","Bartsch, 1946","932851","Abbottella domingoensis","Bartsch, 1946","","Animalia","Mollusca","Gastropoda","Littorinimorpha","Annulariidae","Subspecies","Abbottella","","moreletiana","domingoensis","0","0","0","1","unaccepted","original rank","2017-01-03","urn:lsid:marinespecies.org:taxname:932869","932848"
"932870","Abbottella moreletiana gabrieli","Bartsch, 1946","932851","Abbottella domingoensis","Bartsch, 1946","","Animalia","Mollusca","Gastropoda","Littorinimorpha","Annulariidae","Subspecies","Abbottella","","moreletiana","gabrieli","0","0","0","1","unaccepted","","2017-01-03","urn:lsid:marinespecies.org:taxname:932870","932848"
"1443747","Abbottella moreletiana kriegeri","Bartsch, 1946","1443747","Abbottella moreletiana kriegeri","Bartsch, 1946","","Animalia","Mollusca","Gastropoda","Littorinimorpha","Annulariidae","Subspecies","Abbottella","","moreletiana","kriegeri","0","0","0","1","accepted","","2020-06-25","urn:lsid:marinespecies.org:taxname:1443747","932848"
"1443746","Abbottella moreletiana moreletiana","(Crosse, 1873)","1443746","Abbottella moreletiana moreletiana","(Crosse, 1873)","","Animalia","Mollusca","Gastropoda","Littorinimorpha","Annulariidae","Subspecies","Abbottella","","moreletiana","moreletiana","0","0","0","1","accepted","","2021-12-24","urn:lsid:marinespecies.org:taxname:1443746","932848"
"1443744","Abbottella moreletiana wetmorei","Bartsch, 1946","932851","Abbottella domingoensis","Bartsch, 1946","","Animalia","Mollusca","Gastropoda","Littorinimorpha","Annulariidae","Subspecies","Abbottella","","moreletiana","wetmorei","0","0","0","1","unaccepted","","2020-06-25","urn:lsid:marinespecies.org:taxname:1443744","932848"
"1427643","Abbottella nitens","Watters, 2013","1443880","Arenabbottella nitens","(Watters, 2013)","","Animalia","Mollusca","Gastropoda","Littorinimorpha","Annulariidae","Species","Abbottella","","nitens","","0","0","0","1","unaccepted","original combination","2020-06-25","urn:lsid:marinespecies.org:taxname:1427643","932847"
"1427647","Abbottella paradoxa","Watters, 2013","1444001","Rolleia paradoxa","(Watters, 2013)","","Animalia","Mollusca","Gastropoda","Littorinimorpha","Annulariidae","Species","Abbottella","","paradoxa","","0","0","0","1","unaccepted","original combination","2020-06-25","urn:lsid:marinespecies.org:taxname:1427647","932847"
"1427667","Abbottella rosaliae","(L. Pfeiffer, 1858)","1443906","Arenabbottella rosaliae","(L. Pfeiffer, 1858)","","Animalia","Mollusca","Gastropoda","Littorinimorpha","Annulariidae","Species","Abbottella","","rosaliae","","0","0","0","1","unaccepted","","2020-06-25","urn:lsid:marinespecies.org:taxname:1427667","932847"
"1427669","Abbottella samanensis","Bartsch, 1946","1443912","Arenabbottella samanensis","(Bartsch, 1946)","","Animalia","Mollusca","Gastropoda","Littorinimorpha","Annulariidae","Species","Abbottella","","samanensis","","0","0","0","1","unaccepted","original combination","2020-06-25","urn:lsid:marinespecies.org:taxname:1427669","932847"
"1427671","Abbottella sanchezi","Bartsch, 1946","1443946","Arenabbottella sanchezi","(Bartsch, 1946)","","Animalia","Mollusca","Gastropoda","Littorinimorpha","Annulariidae","Species","Abbottella","","sanchezi","","0","0","0","1","unaccepted","original combination","2020-06-25","urn:lsid:marinespecies.org:taxname:1427671","932847"
"1427673","Abbottella sosuaensis","Bartsch, 1946","1443754","Arenabbottella sosuaensis","(Bartsch, 1946)","","Animalia","Mollusca","Gastropoda","Littorinimorpha","Annulariidae","Species","Abbottella","","sosuaensis","","0","0","0","1","unaccepted","original combination","2020-06-25","urn:lsid:marinespecies.org:taxname:1427673","932847"
"1427645","Abbottella tenebrosa","Watters, 2013","1443951","Arenabbottella tenebrosa","(Watters, 2013)","","Animalia","Mollusca","Gastropoda","Littorinimorpha","Annulariidae","Species","Abbottella","","tenebrosa","","0","0","0","1","unaccepted","original combination","2020-06-25","urn:lsid:marinespecies.org:taxname:1427645","932847"
"1421652","Abbottella tentorium","(L. Pfeiffer, 1850)","1443953","Arenabbottella tentorium","(L. Pfeiffer, 1850)","","Animalia","Mollusca","Gastropoda","Littorinimorpha","Annulariidae","Species","Abbottella","","tentorium","","0","0","0","1","unaccepted","","2020-06-25","urn:lsid:marinespecies.org:taxname:1421652","932847"
"1438383","Abbottella urbana","Watters, 2012","1443954","Arenabbottella urbana","(Watters, 2012)","","Animalia","Mollusca","Gastropoda","Littorinimorpha","Annulariidae","Species","Abbottella","","urbana","","0","0","0","1","unaccepted","original combination","2020-06-25","urn:lsid:marinespecies.org:taxname:1438383","932847"
"1427675","Abbottella wilhelmi","(L. Pfeiffer, 1858)","1443955","Arenabbottella wilhelmi","(L. Pfeiffer, 1858)","","Animalia","Mollusca","Gastropoda","Littorinimorpha","Annulariidae","Species","Abbottella","","wilhelmi","","0","0","0","1","unaccepted","","2020-06-25","urn:lsid:marinespecies.org:taxname:1427675","932847"
"932868","Abbottellinae","Watters, 2016","932868","Abbottellinae","Watters, 2016","","Animalia","Mollusca","Gastropoda","Littorinimorpha","Annulariidae","Subfamily","","","","","0","0","0","1","accepted","","2024-09-22","urn:lsid:marinespecies.org:taxname:932868","368483"
"369308","Abbottia","L.P.Perestenko, 1977","369932","Neoabbottiella","Perestenko, 1982","","Plantae","Rhodophyta","Florideophyceae","Halymeniales","Halymeniaceae","Genus","Abbottia","","","","1","","","","unaccepted","synonym","2012-07-05","urn:lsid:marinespecies.org:taxname:369308","143697"
"268174","Abbottina","Jordan & Fowler, 1903","268174","Abbottina","Jordan & Fowler, 1903","","Animalia","Chordata","Teleostei","Cypriniformes","Cyprinidae","Genus","Abbottina","","","","0","0","1","0","accepted","","2014-12-02","urn:lsid:marinespecies.org:taxname:268174","826616"
"764161","Abbottina","McCulloch, 1977","112232","Nonion","Montfort, 1808","","Chromista","Foraminifera","Globothalamea","Rotaliida","Nonionidae","Genus","Abbottina","","","","1","","0","0","unaccepted","subjective junior synonym in opinion of Loeblich & Tappan, 1987","2014-06-01","urn:lsid:marinespecies.org:taxname:764161","721044"
"1009901","Abbottina binhi","Nguyen, 2001","1009901","Abbottina binhi","Nguyen, 2001","","Animalia","Chordata","Teleostei","Cypriniformes","Cyprinidae","Species","Abbottina","","binhi","","0","0","1","0","accepted","","2017-07-05","urn:lsid:marinespecies.org:taxname:1009901","268174"
"1535158","Abbottina brevirostris","(Günther, 1868)","1020727","Microphysogobio brevirostris","(Günther, 1868)","","Animalia","Chordata","Teleostei","Cypriniformes","Cyprinidae","Species","Abbottina","","brevirostris","","0","0","1","0","unaccepted","","2023-01-17","urn:lsid:marinespecies.org:taxname:1535158","268174"
"313565","Abbottina elongata","Yao & Yang, 1977","281565","Microphysogobio elongatus","(Yao & Yang, 1977)","","Animalia","Chordata","Teleostei","Cypriniformes","Cyprinidae","Species","Abbottina","","elongata","","0","1","1","0","unaccepted","","2021-08-09","urn:lsid:marinespecies.org:taxname:313565","268174"
"1527448","Abbottina guentheri","Bănărescu & Nalbant, 1973","1012969","Squalidus nitens","(Günther, 1873)","","Animalia","Chordata","Teleostei","Cypriniformes","Cyprinidae","Species","Abbottina","","guentheri","","0","1","1","0","unaccepted","","2021-08-09","urn:lsid:marinespecies.org:taxname:1527448","268174"
"1010783","Abbottina lalinensis","Huang & Li, 1995","1010783","Abbottina lalinensis","Huang & Li, 1995","","Animalia","Chordata","Teleostei","Cypriniformes","Cyprinidae","Species","Abbottina","","lalinensis","","0","0","1","0","accepted","","2017-07-06","urn:lsid:marinespecies.org:taxname:1010783","268174"
"1011633","Abbottina liaoningensis","Qin, 1987","1011633","Abbottina liaoningensis","Qin, 1987","","Animalia","Chordata","Teleostei","Cypriniformes","Cyprinidae","Species","Abbottina","","liaoningensis","","0","0","1","0","accepted","","2017-07-06","urn:lsid:marinespecies.org:taxname:1011633","268174"
"1015800","Abbottina obtusirostris","(Wu & Wang, 1931)","1015800","Abbottina obtusirostris","(Wu & Wang, 1931)","","Animalia","Chordata","Teleostei","Cypriniformes","Cyprinidae","Species","Abbottina","","obtusirostris","","0","0","1","0","accepted","","2022-03-02","urn:lsid:marinespecies.org:taxname:1015800","268174"
"1463563","Abbottina psegma","Jordan & Fowler, 1903","1018726","Abbottina rivularis","(Basilewsky, 1855)","","Animalia","Chordata","Teleostei","Cypriniformes","Cyprinidae","Species","Abbottina","","psegma","","0","1","1","0","unaccepted","","2020-12-07","urn:lsid:marinespecies.org:taxname:1463563","268174"
"1018726","Abbottina rivularis","(Basilewsky, 1855)","1018726","Abbottina rivularis","(Basilewsky, 1855)","","Animalia","Chordata","Teleostei","Cypriniformes","Cyprinidae","Species","Abbottina","","rivularis","","0","1","1","0","accepted","","2020-10-01","urn:lsid:marinespecies.org:taxname:1018726","268174"
"1527446","Abbottina springeri","Bănărescu & Nalbant, 1973","1012970","Biwia springeri","(Bănărescu & Nalbant, 1973)","","Animalia","Chordata","Teleostei","Cypriniformes","Cyprinidae","Species","Abbottina","","springeri","","0","0","1","0","unaccepted","","2021-08-09","urn:lsid:marinespecies.org:taxname:1527446","268174"
"1624932","Abbottina tafangensis","(Wang, 1935)","1015343","Microphysogobio tafangensis","(Wang, 1935)","","Animalia","Chordata","Teleostei","Cypriniformes","Cyprinidae","Species","Abbottina","","tafangensis","","0","0","1","0","unaccepted","senior synonym","2023-01-17","urn:lsid:marinespecies.org:taxname:1624932","268174"
"764162","Abbottina tannerbankensis","McCulloch, 1977","764160","Nonion tannerbankensis","(McCulloch, 1977)","0","Chromista","Foraminifera","Globothalamea","Rotaliida","Nonionidae","Species","Abbottina","","tannerbankensis","","1","","0","0","unaccepted","Opinion of Loeblich & Tappan, 1987","2020-04-06","urn:lsid:marinespecies.org:taxname:764162","764161"
"1624703","Abbottina tungtingensis","(Nichols, 1926)","1016279","Microphysogobio tungtingensis","(Nichols, 1926)","","Animalia","Chordata","Teleostei","Cypriniformes","Cyprinidae","Species","Abbottina","","tungtingensis","","0","0","1","0","unaccepted","senior synonym","2023-01-17","urn:lsid:marinespecies.org:taxname:1624703","268174"
"1012709","Abbottina yunnanensis","Yao & Yang, 1977","1012607","Microphysogobio yunnanensis","(Yao & Yang, 1977)","","Animalia","Chordata","Teleostei","Cypriniformes","Cyprinidae","Species","Abbottina","","yunnanensis","","0","0","1","0","unaccepted","synonym","2017-08-17","urn:lsid:marinespecies.org:taxname:1012709","268174"
"1443677","Abbottipoma","Watters, M. L. Smith & Sneddon, 2020","1443677","Abbottipoma","Watters, M. L. Smith & Sneddon, 2020","","Animalia","Mollusca","Gastropoda","Littorinimorpha","Annulariidae","Genus","Abbottipoma","","","","0","0","0","1","accepted","","2020-06-24","urn:lsid:marinespecies.org:taxname:1443677","932868"
"1443748","Abbottipoma abbotti","(Bartsch, 1946)","1443748","Abbottipoma abbotti","(Bartsch, 1946)","","Animalia","Mollusca","Gastropoda","Littorinimorpha","Annulariidae","Species","Abbottipoma","","abbotti","","0","0","0","1","accepted","","2020-06-25","urn:lsid:marinespecies.org:taxname:1443748","1443677"
"1443749","Abbottipoma crossei","(Pilsbry, 1933)","1443749","Abbottipoma crossei","(Pilsbry, 1933)","","Animalia","Mollusca","Gastropoda","Littorinimorpha","Annulariidae","Species","Abbottipoma","","crossei","","0","0","0","1","accepted","","2020-06-25","urn:lsid:marinespecies.org:taxname:1443749","1443677"
"1443752","Abbottipoma gabbi","(Crosse, 1873)","1443752","Abbottipoma gabbi","(Crosse, 1873)","","Animalia","Mollusca","Gastropoda","Littorinimorpha","Annulariidae","Species","Abbottipoma","","gabbi","","0","0","0","1","accepted","","2020-06-25","urn:lsid:marinespecies.org:taxname:1443752","1443677"
"1584321","Abbreviata","Travassos, 1920","1584321","Abbreviata","Travassos, 1920","","Animalia","Nematoda","Chromadorea","Rhabditida","Physalopteridae","Genus","Abbreviata","","","","","","1","1","accepted","","2025-07-31","urn:lsid:marinespecies.org:taxname:1584321","22839"
"1729201","Abbreviata (Abbreviata)","Travassos, 1919","1729201","Abbreviata (Abbreviata)","Travassos, 1919","0","Animalia","Nematoda","Chromadorea","Rhabditida","Physalopteridae","Subgenus","Abbreviata","Abbreviata","","","","","","1","accepted","","2024-01-13","urn:lsid:marinespecies.org:taxname:1729201","1584321"
"1729203","Abbreviata (Abbreviata) abbreviata","(Rudolphi, 1819)","1729203","Abbreviata (Abbreviata) abbreviata","(Rudolphi, 1819)","0","Animalia","Nematoda","Chromadorea","Rhabditida","Physalopteridae","Species","Abbreviata","Abbreviata","abbreviata","","0","0","0","1","accepted","","2024-01-13","urn:lsid:marinespecies.org:taxname:1729203","1729201"
"1729204","Abbreviata (Abbreviata) kazachstanica","Markov & Paraskiv, 1956","1729204","Abbreviata (Abbreviata) kazachstanica","Markov & Paraskiv, 1956","0","Animalia","Nematoda","Chromadorea","Rhabditida","Physalopteridae","Species","Abbreviata","Abbreviata","kazachstanica","","0","0","0","1","accepted","","2024-01-13","urn:lsid:marinespecies.org:taxname:1729204","1729201"
"1729205","Abbreviata (Abbreviata) turkomanica","Andrushko & Markov, 1956","1729205","Abbreviata (Abbreviata) turkomanica","Andrushko & Markov, 1956","0","Animalia","Nematoda","Chromadorea","Rhabditida","Physalopteridae","Species","Abbreviata","Abbreviata","turkomanica","","0","0","0","1","accepted","","2024-01-13","urn:lsid:marinespecies.org:taxname:1729205","1729201"
"1761907","Abbreviata baltazardi","Chabaud, 1953","1761907","Abbreviata baltazardi","Chabaud, 1953","","Animalia","Nematoda","Chromadorea","Rhabditida","Physalopteridae","Species","Abbreviata","","baltazardi","","","","","1","accepted","","2024-07-25","urn:lsid:marinespecies.org:taxname:1761907","1584321"
"1825505","Abbreviata phrynocephali","(Tao 1985) Yan, Wang, Zhao, Chen & Wang, 2025","1825505","Abbreviata phrynocephali","(Tao 1985) Yan, Wang, Zhao, Chen & Wang, 2025","","Animalia","Nematoda","Chromadorea","Rhabditida","Physalopteridae","Species","Abbreviata","","phrynocephali","","","","","1","accepted","","2025-07-31","urn:lsid:marinespecies.org:taxname:1825505","1584321"
"996546","Abchasohela","Hudec & Lezhawa, 1971","996546","Abchasohela","Hudec & Lezhawa, 1971","0","Animalia","Mollusca","Gastropoda","Stylommatophora","Hygromiidae","Genus","Abchasohela","","","","0","0","0","1","accepted","","2024-02-02","urn:lsid:marinespecies.org:taxname:996546","994982"
"1317827","Abchasohela pachnodes","(O. Boettger, 1884)","1317827","Abchasohela pachnodes","(O. Boettger, 1884)","0","Animalia","Mollusca","Gastropoda","Stylommatophora","Hygromiidae","Species","Abchasohela","","pachnodes","","0","0","0","1","accepted","","2020-11-27","urn:lsid:marinespecies.org:taxname:1317827","996546"
"1317828","Abchasohela pergranulata","(Hausdorf, 2001)","1317828","Abchasohela pergranulata","(Hausdorf, 2001)","0","Animalia","Mollusca","Gastropoda","Stylommatophora","Hygromiidae","Species","Abchasohela","","pergranulata","","0","0","0","1","accepted","","2021-01-29","urn:lsid:marinespecies.org:taxname:1317828","996546"
"1317829","Abchasohela septentrionalis","(Hausdorf, 2001)","1317829","Abchasohela septentrionalis","(Hausdorf, 2001)","","Animalia","Mollusca","Gastropoda","Stylommatophora","Hygromiidae","Species","Abchasohela","","septentrionalis","","0","0","0","1","accepted","","2021-01-29","urn:lsid:marinespecies.org:taxname:1317829","996546"
"1317830","Abchasohela stephaniae","(Hudec & Lezhawa, 1970)","1317830","Abchasohela stephaniae","(Hudec & Lezhawa, 1970)","0","Animalia","Mollusca","Gastropoda","Stylommatophora","Hygromiidae","Species","Abchasohela","","stephaniae","","0","0","0","1","accepted","","2020-09-14","urn:lsid:marinespecies.org:taxname:1317830","996546"
"295882","Abcichthys","Whitley, 1927","269701","Liocranium","Ogilby, 1903","","Animalia","Chordata","Teleostei","Perciformes","Tetrarogidae","Genus","Abcichthys","","","","1","","","0","unaccepted","","2015-04-23","urn:lsid:marinespecies.org:taxname:295882","154250"
"315965","Abcichthys praepositus","(Ogilby, 1903)","281361","Liocranium praepositum","Ogilby, 1903","","Animalia","Chordata","Teleostei","Perciformes","Tetrarogidae","Species","Abcichthys","","praepositus","","1","0","0","0","unaccepted","","2023-01-17","urn:lsid:marinespecies.org:taxname:315965","295882"
"315966","Abcichthys scorpio","(Ogilby, 1910)","280404","Cottapistus cottoides","(Linnaeus, 1758)","","Animalia","Chordata","Teleostei","Perciformes","Tetrarogidae","Species","Abcichthys","","scorpio","","1","0","0","0","unaccepted","","2023-01-11","urn:lsid:marinespecies.org:taxname:315966","295882"
"742757","Abderos","Schüller & Jirkov, 2013","742757","Abderos","Schüller & Jirkov, 2013","0","Animalia","Annelida","Polychaeta","Terebellida","Ampharetidae","Genus","Abderos","","","","1","0","0","0","accepted","","2014-09-19","urn:lsid:marinespecies.org:taxname:742757","152252"
"742759","Abderos minotaurus","Schüller & Jirkov, 2013","742759","Abderos minotaurus","Schüller & Jirkov, 2013","0","Animalia","Annelida","Polychaeta","Terebellida","Ampharetidae","Species","Abderos","","minotaurus","","1","0","0","0","accepted","","2013-10-19","urn:lsid:marinespecies.org:taxname:742759","742757"
"511918","Abderospira","Dall, 1896","137870","Roxania","Leach, 1847","1","Animalia","Mollusca","Gastropoda","Cephalaspidea","Alacuppidae","Genus","Abderospira","","","","1","0","0","0","junior subjective synonym","","2024-02-02","urn:lsid:marinespecies.org:taxname:511918","848162"
"511923","Abderospira pacifica","T. Habe, 1956","1342939","Mimatys pacifica","(T. Habe, 1956)","0","Animalia","Mollusca","Gastropoda","Cephalaspidea","Alacuppidae","Species","Abderospira","","pacifica","","1","0","0","0","superseded combination","","2023-11-18","urn:lsid:marinespecies.org:taxname:511923","511918"
"1628848","Abderospira punctulata","(A. Adams, 1862)","1342771","Mimatys punctulatus","(A. Adams, 1862)","","Animalia","Mollusca","Gastropoda","Cephalaspidea","Alacuppidae","Species","Abderospira","","punctulata","","1","0","0","0","superseded combination","","2023-01-14","urn:lsid:marinespecies.org:taxname:1628848","511918"
"1342924","Abderospira umbilicata","T. Habe, 1956","1342918","Mimatys umbilicatus","(T. Habe, 1956)","0","Animalia","Mollusca","Gastropoda","Cephalaspidea","Alacuppidae","Species","Abderospira","","umbilicata","","1","0","0","0","superseded combination","","2024-03-13","urn:lsid:marinespecies.org:taxname:1342924","511918"
"550269","Abdia","Barnard & Karaman, 1987","550269","Abdia","Barnard & Karaman, 1987","","Animalia","Arthropoda","Malacostraca","Amphipoda","Pontogeneiidae","Genus","Abdia","","","","1","","","","accepted","","2019-08-08","urn:lsid:marinespecies.org:taxname:550269","176946"
"550284","Abdia latipalpus","(Walker & Scott, 1903)","550284","Abdia latipalpus","(Walker & Scott, 1903)","","Animalia","Arthropoda","Malacostraca","Amphipoda","Pontogeneiidae","Species","Abdia","","latipalpus","","1","","","","accepted","","2010-12-06","urn:lsid:marinespecies.org:taxname:550284","550269"
"346685","Abdiacyclops","Karanovic, 2005","346685","Abdiacyclops","Karanovic, 2005","","Animalia","Arthropoda","Copepoda","Cyclopoida","Cyclopidae","Genus","Abdiacyclops","","","","0","0","1","0","accepted","","2025-04-25","urn:lsid:marinespecies.org:taxname:346685","1809006"
"362340","Abdiacyclops cirratus","Karanovic, 2005","362340","Abdiacyclops cirratus","Karanovic, 2005","","Animalia","Arthropoda","Copepoda","Cyclopoida","Cyclopidae","Species","Abdiacyclops","","cirratus","","0","0","1","0","accepted","","2008-07-15","urn:lsid:marinespecies.org:taxname:362340","346685"
"459633","Abditacythere","Hartmann, 1964","459633","Abditacythere","Hartmann, 1964","0","Animalia","Arthropoda","Ostracoda","Podocopida","Cytheridae","Genus","Abditacythere","","","","1","0","0","0","accepted","","2014-08-13","urn:lsid:marinespecies.org:taxname:459633","127494"
"460638","Abditacythere subterranea","Hartmann, 1964","460638","Abditacythere subterranea","Hartmann, 1964","0","Animalia","Arthropoda","Ostracoda","Podocopida","Cytheridae","Species","Abditacythere","","subterranea","","1","0","0","0","accepted","","2014-08-18","urn:lsid:marinespecies.org:taxname:460638","459633"
"1338993","Abditoconus","Voight, 2019","1338993","Abditoconus","Voight, 2019","0","Animalia","Mollusca","Bivalvia","Myida","Xylophagaidae","Genus","Abditoconus","","","","1","0","0","0","accepted","","2019-04-07","urn:lsid:marinespecies.org:taxname:1338993","1338968"
"1338995","Abditoconus anselli","(Harvey, 1996)","1338995","Abditoconus anselli","(Harvey, 1996)","0","Animalia","Mollusca","Bivalvia","Myida","Xylophagaidae","Species","Abditoconus","","anselli","","1","0","0","0","accepted","","2019-04-07","urn:lsid:marinespecies.org:taxname:1338995","1338993"
"1338996","Abditoconus brava","(Romano, Pérez-Portela & D. Martin, 2014)","1338996","Abditoconus brava","(Romano, Pérez-Portela & D. Martin, 2014)","0","Animalia","Mollusca","Bivalvia","Myida","Xylophagaidae","Species","Abditoconus","","brava","","1","0","0","0","accepted","","2019-04-24","urn:lsid:marinespecies.org:taxname:1338996","1338993"
"1338994","Abditoconus heterosiphon","(Voight, 2007)","1338994","Abditoconus heterosiphon","(Voight, 2007)","0","Animalia","Mollusca","Bivalvia","Myida","Xylophagaidae","Species","Abditoconus","","heterosiphon","","1","0","0","0","accepted","","2019-04-07","urn:lsid:marinespecies.org:taxname:1338994","1338993"
"1476882","Abditoconus investigatoris","MacIntosh & Voight, 2021","1476882","Abditoconus investigatoris","MacIntosh & Voight, 2021","0","Animalia","Mollusca","Bivalvia","Myida","Xylophagaidae","Species","Abditoconus","","investigatoris","","1","0","0","0","accepted","","2021-01-16","urn:lsid:marinespecies.org:taxname:1476882","1338993"
"112106","Abditodentrix","Patterson, 1985","112106","Abditodentrix","Patterson, 1985","","Chromista","Foraminifera","Globothalamea","Rotaliida","Bolivinitidae","Genus","Abditodentrix","","","","1","0","0","0","accepted","","2017-04-21","urn:lsid:marinespecies.org:taxname:112106","111911"
"556831","Abditodentrix asketocomptella","Patterson, 1985","409946","Abditodentrix pseudothalmanni","(Boltovskoy & Guissani de Kahn, 1981)","","Chromista","Foraminifera","Globothalamea","Rotaliida","Bolivinitidae","Species","Abditodentrix","","asketocomptella","","1","0","0","0","unaccepted","subjective junior synonym in opinion of Loeblich & Tappan, 1987","2017-04-12","urn:lsid:marinespecies.org:taxname:556831","112106"
"409946","Abditodentrix pseudothalmanni","(Boltovskoy & Guissani de Kahn, 1981)","409946","Abditodentrix pseudothalmanni","(Boltovskoy & Guissani de Kahn, 1981)","0","Chromista","Foraminifera","Globothalamea","Rotaliida","Bolivinitidae","Species","Abditodentrix","","pseudothalmanni","","1","0","0","0","accepted","","2017-04-21","urn:lsid:marinespecies.org:taxname:409946","112106"
"113017","Abditodentrix rhomboidalis","(Millett, 1899)","526518","Tortoplectella rhomboidalis","(Millett, 1899)","","Chromista","Foraminifera","Globothalamea","Rotaliida","Bolivinitidae","Species","Abditodentrix","","rhomboidalis","","1","0","0","0","unaccepted","","2013-06-28","urn:lsid:marinespecies.org:taxname:113017","112106"
"769245","Abditoloculina","Kesling, 1952","769245","Abditoloculina","Kesling, 1952","1","Animalia","Arthropoda","Ostracoda","Palaeocopida","Hollinidae","Genus","Abditoloculina","","","","1","","0","0","accepted","","2023-07-20","urn:lsid:marinespecies.org:taxname:769245","715571"
"798815","Abditoloculina armata","(Ulrich, 1900)","785390","Hollina armata","(Ulrich, 1900)","1","Animalia","Arthropoda","Ostracoda","Palaeocopida","Hollinidae","Species","Abditoloculina","","armata","","1","","0","0","superseded combination","","2024-12-18","urn:lsid:marinespecies.org:taxname:798815","769245"
"772304","Abditoloculina filaloculina","Tillman & Murphy, 1978","772304","Abditoloculina filaloculina","Tillman & Murphy, 1978","1","Animalia","Arthropoda","Ostracoda","Palaeocopida","Hollinidae","Species","Abditoloculina","","filaloculina","","1","","0","0","accepted","","2024-04-26","urn:lsid:marinespecies.org:taxname:772304","769245"
"851785","Abditoporella","Sosa-Yañez, Vieira & Solís-Marín, 2015","851785","Abditoporella","Sosa-Yañez, Vieira & Solís-Marín, 2015","0","Animalia","Bryozoa","Gymnolaemata","Cheilostomatida","Hippoporidridae","Genus","Abditoporella","","","","1","","","","accepted","","2020-01-16","urn:lsid:marinespecies.org:taxname:851785","110756"
"851786","Abditoporella dimorpha","Sosa-Yañez, Vieira & Solís-Marín, 2015","851786","Abditoporella dimorpha","Sosa-Yañez, Vieira & Solís-Marín, 2015","0","Animalia","Bryozoa","Gymnolaemata","Cheilostomatida","Hippoporidridae","Species","Abditoporella","","dimorpha","","1","0","0","0","accepted","","2015-07-31","urn:lsid:marinespecies.org:taxname:851786","851785"
"851787","Abditoporella turrita","(Osburn, 1952)","851787","Abditoporella turrita","(Osburn, 1952)","0","Animalia","Bryozoa","Gymnolaemata","Cheilostomatida","Hippoporidridae","Species","Abditoporella","","turrita","","1","0","0","0","accepted","","2020-01-18","urn:lsid:marinespecies.org:taxname:851787","851785"
"1378625","Abdomenopora","Voigt, 1995","1378625","Abdomenopora","Voigt, 1995","1","Animalia","Bryozoa","Gymnolaemata","Cheilostomatida","Cribrilinidae","Genus","Abdomenopora","","","","1","","","","accepted","","2020-01-16","urn:lsid:marinespecies.org:taxname:1378625","110742"
"1399407","Abdomenopora schumacheri","Voigt, 1995","1399407","Abdomenopora schumacheri","Voigt, 1995","1","Animalia","Bryozoa","Gymnolaemata","Cheilostomatida","Cribrilinidae","Species","Abdomenopora","","schumacheri","","1","0","0","0","accepted","","2020-01-14","urn:lsid:marinespecies.org:taxname:1399407","1378625"
"409947","Abdopus","Norman & Finn, 2001","409947","Abdopus","Norman & Finn, 2001","","Animalia","Mollusca","Cephalopoda","Octopoda","Octopodidae","Genus","Abdopus","","","","1","","0","0","accepted","","2017-11-16","urn:lsid:marinespecies.org:taxname:409947","11782"
"534100","Abdopus abaculus","(Norman & Sweeney, 1997)","534100","Abdopus abaculus","(Norman & Sweeney, 1997)","","Animalia","Mollusca","Cephalopoda","Octopoda","Octopodidae","Species","Abdopus","","abaculus","","1","","0","0","accepted","","2017-11-16","urn:lsid:marinespecies.org:taxname:534100","409947"
"409949","Abdopus aculeatus","(A. d'Orbigny, 1834)","409949","Abdopus aculeatus","(A. d'Orbigny, 1834)","","Animalia","Mollusca","Cephalopoda","Octopoda","Octopodidae","Species","Abdopus","","aculeatus","","1","0","0","0","accepted","","2024-03-22","urn:lsid:marinespecies.org:taxname:409949","409947"
"534116","Abdopus capricornicus","(Norman & Finn, 2001)","534116","Abdopus capricornicus","(Norman & Finn, 2001)","","Animalia","Mollusca","Cephalopoda","Octopoda","Octopodidae","Species","Abdopus","","capricornicus","","1","","0","0","accepted","","2017-11-16","urn:lsid:marinespecies.org:taxname:534116","409947"
"535746","Abdopus guangdongensis","(Z.-Z. Dong, 1976)","535746","Abdopus guangdongensis","(Z.-Z. Dong, 1976)","","Animalia","Mollusca","Cephalopoda","Octopoda","Octopodidae","Species","Abdopus","","guangdongensis","","1","","0","0","taxon inquirendum","","2022-09-05","urn:lsid:marinespecies.org:taxname:535746","409947"
"535625","Abdopus horridus","(A. d'Orbigny, 1826)","535625","Abdopus horridus","(A. d'Orbigny, 1826)","","Animalia","Mollusca","Cephalopoda","Octopoda","Octopodidae","Species","Abdopus","","horridus","","1","","0","0","accepted","","2017-11-16","urn:lsid:marinespecies.org:taxname:535625","409947"
"874525","Abdopus tenebricus","(E. A. Smith, 1884)","874525","Abdopus tenebricus","(E. A. Smith, 1884)","","Animalia","Mollusca","Cephalopoda","Octopoda","Octopodidae","Species","Abdopus","","tenebricus","","1","","0","0","accepted","","2019-04-13","urn:lsid:marinespecies.org:taxname:874525","409947"
"534519","Abdopus tonganus","(Hoyle, 1885)","534519","Abdopus tonganus","(Hoyle, 1885)","","Animalia","Mollusca","Cephalopoda","Octopoda","Octopodidae","Species","Abdopus","","tonganus","","1","","0","0","accepted","","2017-11-16","urn:lsid:marinespecies.org:taxname:534519","409947"
"409948","Abdopus undulatus","Huffard, 2007","409948","Abdopus undulatus","Huffard, 2007","","Animalia","Mollusca","Cephalopoda","Octopoda","Octopodidae","Species","Abdopus","","undulatus","","1","","0","0","accepted","","2017-11-16","urn:lsid:marinespecies.org:taxname:409948","409947"
"737934","Abdullaevia","Suleymanov, 1965","737934","Abdullaevia","Suleymanov, 1965","1","Chromista","Foraminifera","Globothalamea","Lituolida","Nouriidae","Genus","Abdullaevia","","","","1","0","0","0","accepted","","2019-12-05","urn:lsid:marinespecies.org:taxname:737934","111968"
"1037677","Abdullaevia tosbulakensis","Suleymanov, 1965","1037677","Abdullaevia tosbulakensis","Suleymanov, 1965","1","Chromista","Foraminifera","Globothalamea","Lituolida","Nouriidae","Species","Abdullaevia","","tosbulakensis","","1","0","0","0","accepted","","2017-10-04","urn:lsid:marinespecies.org:taxname:1037677","737934"
"248354","Abebaioscia","Vandel, 1973","248354","Abebaioscia","Vandel, 1973","0","Animalia","Arthropoda","Malacostraca","Isopoda","Philosciidae","Genus","Abebaioscia","","","","0","0","0","1","accepted","","2023-09-20","urn:lsid:marinespecies.org:taxname:248354","246825"
"258626","Abebaioscia troglodytes","Vandel, 1973","258626","Abebaioscia troglodytes","Vandel, 1973","0","Animalia","Arthropoda","Malacostraca","Isopoda","Philosciidae","Species","Abebaioscia","","troglodytes","","0","0","0","1","accepted","","2016-08-03","urn:lsid:marinespecies.org:taxname:258626","248354"
"231840","Abedinium","Loeblich & A.R.Loeblich, 1966","231840","Abedinium","Loeblich & A.R.Loeblich, 1966","","Chromista","Myzozoa","Dinophyceae","Noctilucales","Noctilucaceae","Genus","Abedinium","","","","1","","","","accepted","","2012-07-05","urn:lsid:marinespecies.org:taxname:231840","109418"
"582576","Abelbolla","Huang & Zhang, 2004","582576","Abelbolla","Huang & Zhang, 2004","","Animalia","Nematoda","Enoplea","Enoplida","Enchelidiidae","Genus","Abelbolla","","","","1","","","","accepted","","2019-06-13","urn:lsid:marinespecies.org:taxname:582576","2203"
"584128","Abelbolla boucheri","Huang & Zhang, 2004","584128","Abelbolla boucheri","Huang & Zhang, 2004","","Animalia","Nematoda","Enoplea","Enoplida","Enchelidiidae","Species","Abelbolla","","boucheri","","1","","0","0","accepted","","2011-10-24","urn:lsid:marinespecies.org:taxname:584128","582576"
"584129","Abelbolla huanghaiensis","Huang & Zhang, 2004","584129","Abelbolla huanghaiensis","Huang & Zhang, 2004","","Animalia","Nematoda","Enoplea","Enoplida","Enchelidiidae","Species","Abelbolla","","huanghaiensis","","1","","","","accepted","","2016-09-02","urn:lsid:marinespecies.org:taxname:584129","582576"
"760114","Abelbolla maemulensis","Hong & Lee, 2014","760114","Abelbolla maemulensis","Hong & Lee, 2014","","Animalia","Nematoda","Enoplea","Enoplida","Enchelidiidae","Species","Abelbolla","","maemulensis","","1","","","","accepted","","2016-11-22","urn:lsid:marinespecies.org:taxname:760114","582576"
"889689","Abelbolla major","Hiang, Wang & Huang, 2015","889689","Abelbolla major","Hiang, Wang & Huang, 2015","","Animalia","Nematoda","Enoplea","Enoplida","Enchelidiidae","Species","Abelbolla","","major","","1","","","","accepted","","2016-11-22","urn:lsid:marinespecies.org:taxname:889689","582576"
"584130","Abelbolla warwicki","Huang & Zhang, 2004","584130","Abelbolla warwicki","Huang & Zhang, 2004","","Animalia","Nematoda","Enoplea","Enoplida","Enchelidiidae","Species","Abelbolla","","warwicki","","1","","","","accepted","","2016-11-05","urn:lsid:marinespecies.org:taxname:584130","582576"
"1635933","Abeliella","Mägdefrau, 1937","1635933","Abeliella","Mägdefrau, 1937","1","Biota incertae sedis","","","","","Genus","Abeliella","","","","1","","","","accepted","","2023-02-08","urn:lsid:marinespecies.org:taxname:1635933","12"
"593408","Abelleicidaris","Vadet, 1991","512418","Plegiocidaris","Pomel, 1883","1","Animalia","Echinodermata","Echinoidea","Cidaroida","Cidaridae","Genus","Abelleicidaris","","","","1","0","0","0","unaccepted","subjective junior synonym","2012-01-08","urn:lsid:marinespecies.org:taxname:593408","123158"
"1034267","Abelleicidaris borjnadorensis","Vadet, Marignac, Nicolleau & Reboul, 2007","1034267","Abelleicidaris borjnadorensis","Vadet, Marignac, Nicolleau & Reboul, 2007","1","Animalia","Echinodermata","Echinoidea","Cidaroida","Cidaridae","Species","Abelleicidaris","","borjnadorensis","","1","0","0","0","accepted","","2017-09-07","urn:lsid:marinespecies.org:taxname:1034267","593408"
"559077","Abelspora","Azevedo, 1987","559077","Abelspora","Azevedo, 1987","","Fungi","Microsporidia","Microsporea","Glugeida","Abelsporidae","Genus","Abelspora","","","","1","","","","accepted","","2011-03-17","urn:lsid:marinespecies.org:taxname:559077","559076"
"559078","Abelspora portucalensis","Azevedo, 1987","559078","Abelspora portucalensis","Azevedo, 1987","","Fungi","Microsporidia","Microsporea","Glugeida","Abelsporidae","Species","Abelspora","","portucalensis","","1","","","","accepted","","2011-03-17","urn:lsid:marinespecies.org:taxname:559078","559077"
"559076","Abelsporidae","C. Azevedo, 1987","559076","Abelsporidae","C. Azevedo, 1987","","Fungi","Microsporidia","Microsporea","Glugeida","Abelsporidae","Family","","","","","1","","","","accepted","","2016-11-30","urn:lsid:marinespecies.org:taxname:559076","819397"
"295883","Abeona","Girard, 1855","269863","Micrometrus","Gibbons, 1854","","Animalia","Chordata","Teleostei","Ovalentaria incertae sedis","Embiotocidae","Genus","Abeona","","","","1","","","0","unaccepted","","2013-03-05","urn:lsid:marinespecies.org:taxname:295883","151386"
"298123","Abeona aurora","Jordan & Gilbert, 1880","281561","Micrometrus aurora","(Jordan & Gilbert, 1880)","","Animalia","Chordata","Teleostei","Ovalentaria incertae sedis","Embiotocidae","Species","Abeona","","aurora","","1","0","0","0","unaccepted","Basionym","2008-02-28","urn:lsid:marinespecies.org:taxname:298123","295883"
"998275","Aberdaria","Blume, 1965","883861","Primigulella","Pilsbry, 1919","0","Animalia","Mollusca","Gastropoda","Stylommatophora","Streptaxidae","Genus","Aberdaria","","","","0","0","0","1","junior subjective synonym","","2024-02-02","urn:lsid:marinespecies.org:taxname:998275","995033"
"1326823","Aberdaria franzi","Blume, 1965","1326824","Primigulella franzi","(Blume, 1965)","","Animalia","Mollusca","Gastropoda","Stylommatophora","Streptaxidae","Species","Aberdaria","","franzi","","0","0","0","1","unaccepted","original combination","2019-05-24","urn:lsid:marinespecies.org:taxname:1326823","998275"
"346686","Abergasilus","Hewitt, 1978","346686","Abergasilus","Hewitt, 1978","","Animalia","Arthropoda","Copepoda","Cyclopoida","Ergasilidae","Genus","Abergasilus","","","","0","0","1","0","accepted","","2019-09-22","urn:lsid:marinespecies.org:taxname:346686","128571"
"348325","Abergasilus amplexus","Hewitt, 1978","348325","Abergasilus amplexus","Hewitt, 1978","","Animalia","Arthropoda","Copepoda","Cyclopoida","Ergasilidae","Species","Abergasilus","","amplexus","","0","0","1","0","accepted","","2008-07-15","urn:lsid:marinespecies.org:taxname:348325","346686"
"1077089","Aberisphaera","Wan, 1991","1077089","Aberisphaera","Wan, 1991","1","Chromista","Foraminifera","Globothalamea","Rotaliida","Acervulinidae","Genus","Aberisphaera","","","","1","0","0","0","accepted","","2018-03-19","urn:lsid:marinespecies.org:taxname:1077089","111903"
"1077094","Aberisphaera gambanica","Wan, 1991","1077094","Aberisphaera gambanica","Wan, 1991","1","Chromista","Foraminifera","Globothalamea","Rotaliida","Acervulinidae","Species","Aberisphaera","","gambanica","","1","0","0","0","accepted","","2018-03-14","urn:lsid:marinespecies.org:taxname:1077094","1077089"
"225846","Aberomysini","Bacescu & Iliffe, 1986","596590","Erythropinae","Hansen, 1910","","Animalia","Arthropoda","Malacostraca","Mysida","Mysidae","Tribe","","","","","","","","","unaccepted","","2012-03-27","urn:lsid:marinespecies.org:taxname:225846","148706"
"226081","Aberomysis","Bacescu & Iliffe, 1986","226081","Aberomysis","Bacescu & Iliffe, 1986","","Animalia","Arthropoda","Malacostraca","Mysida","Mysidae","Genus","Aberomysis","","","","1","","","","accepted","","2016-12-23","urn:lsid:marinespecies.org:taxname:226081","148709"
"226733","Aberomysis muranoi","Bacescu & Iliffe, 1986","226733","Aberomysis muranoi","Bacescu & Iliffe, 1986","","Animalia","Arthropoda","Malacostraca","Mysida","Mysidae","Species","Aberomysis","","muranoi","","1","","0","0","accepted","","2009-11-20","urn:lsid:marinespecies.org:taxname:226733","226081"
"298124","Aberranta","Hartman, 1965","298124","Aberranta","Hartman, 1965","0","Animalia","Annelida","Polychaeta","","Aberrantidae","Genus","Aberranta","","","","1","0","0","0","accepted","","2023-03-29","urn:lsid:marinespecies.org:taxname:298124","233984"
"326193","Aberranta banyulensis","Mackie, Pleijel & Rouse, 2005","326193","Aberranta banyulensis","Mackie, Pleijel & Rouse, 2005","0","Animalia","Annelida","Polychaeta","","Aberrantidae","Species","Aberranta","","banyulensis","","1","0","0","0","accepted","","2008-03-26","urn:lsid:marinespecies.org:taxname:326193","298124"
"326194","Aberranta enigmatica","Hartman, 1965","326194","Aberranta enigmatica","Hartman, 1965","0","Animalia","Annelida","Polychaeta","","Aberrantidae","Species","Aberranta","","enigmatica","","1","0","0","0","accepted","","2008-03-26","urn:lsid:marinespecies.org:taxname:326194","298124"
"1794147","Aberranta magnumlanai","Santos & Rizzo, 2024","1794147","Aberranta magnumlanai","Santos & Rizzo, 2024","0","Animalia","Annelida","Polychaeta","","Aberrantidae","Species","Aberranta","","magnumlanai","","1","0","0","0","accepted","","2025-02-01","urn:lsid:marinespecies.org:taxname:1794147","298124"
"326195","Aberranta palpata","Wolf, 1987","326195","Aberranta palpata","Wolf, 1987","0","Animalia","Annelida","Polychaeta","","Aberrantidae","Species","Aberranta","","palpata","","1","0","0","0","accepted","","2008-03-26","urn:lsid:marinespecies.org:taxname:326195","298124"
"326196","Aberranta sulcata","Mackie, Pleijel & Rouse, 2005","326196","Aberranta sulcata","Mackie, Pleijel & Rouse, 2005","0","Animalia","Annelida","Polychaeta","","Aberrantidae","Species","Aberranta","","sulcata","","1","0","0","0","accepted","","2008-03-26","urn:lsid:marinespecies.org:taxname:326196","298124"
"233984","Aberrantidae","Wolf, 1987","233984","Aberrantidae","Wolf, 1987","0","Animalia","Annelida","Polychaeta","","Aberrantidae","Family","","","","","1","0","0","0","accepted","","2014-07-11","urn:lsid:marinespecies.org:taxname:233984","155086"
"993434","Aberrantidrilus","Martin, 2015","993434","Aberrantidrilus","Martin, 2015","0","Animalia","Annelida","Clitellata","Tubificida","Naididae","Genus","Aberrantidrilus","","","","1","","1","","accepted","","2025-05-29","urn:lsid:marinespecies.org:taxname:993434","137342"
"993435","Aberrantidrilus cuspis","(Erséus & Dumnicka, 1988)","993435","Aberrantidrilus cuspis","(Erséus & Dumnicka, 1988)","0","Animalia","Annelida","Clitellata","Tubificida","Naididae","Species","Aberrantidrilus","","cuspis","","0","0","1","0","accepted","","2017-10-24","urn:lsid:marinespecies.org:taxname:993435","993434"
"1429646","Aberrantidrilus mihaljevici","Vučković, Rodriguez & Kerovec, in Rodriguez et al. 2020","1429646","Aberrantidrilus mihaljevici","Vučković, Rodriguez & Kerovec, in Rodriguez et al. 2020","","Animalia","Annelida","Clitellata","Tubificida","Naididae","Species","Aberrantidrilus","","mihaljevici","","0","0","1","0","accepted","","2020-04-01","urn:lsid:marinespecies.org:taxname:1429646","993434"
"993438","Aberrantidrilus stephaniae","Martin, 2015","993438","Aberrantidrilus stephaniae","Martin, 2015","","Animalia","Annelida","Clitellata","Tubificida","Naididae","Species","Aberrantidrilus","","stephaniae","","0","0","1","0","accepted","","2017-05-28","urn:lsid:marinespecies.org:taxname:993438","993434"
"993439","Aberrantidrilus subterraneus","(Rodriguez & Giani, 1989)","993439","Aberrantidrilus subterraneus","(Rodriguez & Giani, 1989)","0","Animalia","Annelida","Clitellata","Tubificida","Naididae","Species","Aberrantidrilus","","subterraneus","","0","0","1","0","accepted","","2019-06-22","urn:lsid:marinespecies.org:taxname:993439","993434"
"880141","Aberrantospermata","Jondelius, Wallberg, Hooge & Raikova, 2011","880141","Aberrantospermata","Jondelius, Wallberg, Hooge & Raikova, 2011","","Animalia","Xenacoelomorpha","","Acoela","","Superfamily","","","","","1","1","1","","accepted","","2016-06-13","urn:lsid:marinespecies.org:taxname:880141","880137"
"872357","Aberrapecidae","Jensen, Caira, Cielocha, Littlewood & Waeschenbach, 2016","872357","Aberrapecidae","Jensen, Caira, Cielocha, Littlewood & Waeschenbach, 2016","","Animalia","Platyhelminthes","Cestoda","Lecanicephalidea","Aberrapecidae","Family","","","","","1","","","","accepted","","2016-03-21","urn:lsid:marinespecies.org:taxname:872357","104916"
"391914","Aberrapex","Jensen, 2001","391914","Aberrapex","Jensen, 2001","","Animalia","Platyhelminthes","Cestoda","Lecanicephalidea","Aberrapecidae","Genus","Aberrapex","","","","1","","","","accepted","","2017-08-30","urn:lsid:marinespecies.org:taxname:391914","872357"
"516437","Aberrapex arrhynchum","(Brooks, Mayes & Thorson, 1981) Jensen, 2001","516437","Aberrapex arrhynchum","(Brooks, Mayes & Thorson, 1981) Jensen, 2001","","Animalia","Platyhelminthes","Cestoda","Lecanicephalidea","Aberrapecidae","Species","Aberrapex","","arrhynchum","","1","","","","accepted","","2015-03-14","urn:lsid:marinespecies.org:taxname:516437","391914"
"1758154","Aberrapex catarinensis","Quadros, 2024","1758154","Aberrapex catarinensis","Quadros, 2024","","Animalia","Platyhelminthes","Cestoda","Lecanicephalidea","Aberrapecidae","Species","Aberrapex","","catarinensis","","1","","","","accepted","","2024-06-22","urn:lsid:marinespecies.org:taxname:1758154","391914"
"988467","Aberrapex ludmilae","Menoret, Mutti & Ivanov, 2017","988467","Aberrapex ludmilae","Menoret, Mutti & Ivanov, 2017","","Animalia","Platyhelminthes","Cestoda","Lecanicephalidea","Aberrapecidae","Species","Aberrapex","","ludmilae","","1","","","","accepted","","2017-04-08","urn:lsid:marinespecies.org:taxname:988467","391914"
"396483","Aberrapex manjajiae","Jensen, 2006","396483","Aberrapex manjajiae","Jensen, 2006","","Animalia","Platyhelminthes","Cestoda","Lecanicephalidea","Aberrapecidae","Species","Aberrapex","","manjajiae","","1","","","","accepted","","2010-09-13","urn:lsid:marinespecies.org:taxname:396483","391914"
"1758153","Aberrapex panamensis","Quadros, 2024","1758153","Aberrapex panamensis","Quadros, 2024","","Animalia","Platyhelminthes","Cestoda","Lecanicephalidea","Aberrapecidae","Species","Aberrapex","","panamensis","","1","","","","accepted","","2024-06-22","urn:lsid:marinespecies.org:taxname:1758153","391914"
"988468","Aberrapex sanmartini","Menoret, Mutti & Ivanov, 2017","988468","Aberrapex sanmartini","Menoret, Mutti & Ivanov, 2017","","Animalia","Platyhelminthes","Cestoda","Lecanicephalidea","Aberrapecidae","Species","Aberrapex","","sanmartini","","1","","","","accepted","","2017-04-08","urn:lsid:marinespecies.org:taxname:988468","391914"
"516438","Aberrapex senticosus","Jensen, 2001","516438","Aberrapex senticosus","Jensen, 2001","","Animalia","Platyhelminthes","Cestoda","Lecanicephalidea","Aberrapecidae","Species","Aberrapex","","senticosus","","1","","","","accepted","","2010-09-10","urn:lsid:marinespecies.org:taxname:516438","391914"
"988469","Aberrapex vitalemuttiorum","Menoret, Mutti & Ivanov, 2017","988469","Aberrapex vitalemuttiorum","Menoret, Mutti & Ivanov, 2017","","Animalia","Platyhelminthes","Cestoda","Lecanicephalidea","Aberrapecidae","Species","Aberrapex","","vitalemuttiorum","","1","","","","accepted","","2017-04-08","urn:lsid:marinespecies.org:taxname:988469","391914"
"835569","Aberrapex weipaensis","Koch, Jensen & Caira, 2012","835569","Aberrapex weipaensis","Koch, Jensen & Caira, 2012","","Animalia","Platyhelminthes","Cestoda","Lecanicephalidea","Aberrapecidae","Species","Aberrapex","","weipaensis","","1","","","","accepted","","2015-03-14","urn:lsid:marinespecies.org:taxname:835569","391914"
"488952","Aberratylus","Bousfield & Kendall, 1994","488952","Aberratylus","Bousfield & Kendall, 1994","0","Animalia","Arthropoda","Malacostraca","Amphipoda","Atylidae","Genus","Aberratylus","","","","1","0","0","0","accepted","","2019-12-02","urn:lsid:marinespecies.org:taxname:488952","488893"
"488953","Aberratylus aberrantis","(J.L. Barnard, 1962)","488953","Aberratylus aberrantis","(J.L. Barnard, 1962)","0","Animalia","Arthropoda","Malacostraca","Amphipoda","Atylidae","Species","Aberratylus","","aberrantis","","1","0","0","0","accepted","","2019-10-17","urn:lsid:marinespecies.org:taxname:488953","488952"
"769246","Aberroconcha","Adamczak, 1961","769246","Aberroconcha","Adamczak, 1961","1","Animalia","Arthropoda","Ostracoda","Palaeocopida","Eridoconchidae","Genus","Aberroconcha","","","","1","","0","0","accepted","","2021-02-03","urn:lsid:marinespecies.org:taxname:769246","851657"
"812765","Aberroconcha plicata","Adamczak, 1961","812765","Aberroconcha plicata","Adamczak, 1961","1","Animalia","Arthropoda","Ostracoda","Palaeocopida","Eridoconchidae","Species","Aberroconcha","","plicata","","1","","0","0","accepted","","2024-05-24","urn:lsid:marinespecies.org:taxname:812765","769246"
"293681","Aberrodomus","Gordon, 1988","293681","Aberrodomus","Gordon, 1988","0","Animalia","Bryozoa","Gymnolaemata","Cheilostomatida","Bifaxariidae","Genus","Aberrodomus","","","","1","0","0","0","accepted","","2010-03-27","urn:lsid:marinespecies.org:taxname:293681","182872"
"293682","Aberrodomus candidus","Gordon, 1988","293682","Aberrodomus candidus","Gordon, 1988","","Animalia","Bryozoa","Gymnolaemata","Cheilostomatida","Bifaxariidae","Species","Aberrodomus","","candidus","","1","0","0","0","accepted","","2010-04-27","urn:lsid:marinespecies.org:taxname:293682","293681"
"466922","Aberrodomus pocillifer","(Harmer, 1957)","466922","Aberrodomus pocillifer","(Harmer, 1957)","0","Animalia","Bryozoa","Gymnolaemata","Cheilostomatida","Bifaxariidae","Species","Aberrodomus","","pocillifer","","1","0","0","0","accepted","","2025-01-11","urn:lsid:marinespecies.org:taxname:466922","293681"
"466923","Aberrodomus sinuatus","(Harmer, 1957)","466923","Aberrodomus sinuatus","(Harmer, 1957)","0","Animalia","Bryozoa","Gymnolaemata","Cheilostomatida","Bifaxariidae","Species","Aberrodomus","","sinuatus","","1","0","0","0","accepted","","2020-01-18","urn:lsid:marinespecies.org:taxname:466923","293681"
"512718","Abertella","Durham, 1953","512718","Abertella","Durham, 1953","1","Animalia","Echinodermata","Echinoidea","Echinolampadacea","Abertellidae","Genus","Abertella","","","","1","0","0","0","accepted","","2011-12-19","urn:lsid:marinespecies.org:taxname:512718","510610"
"591082","Abertella aberti","(Conrad, 1842)","591082","Abertella aberti","(Conrad, 1842)","1","Animalia","Echinodermata","Echinoidea","Echinolampadacea","Abertellidae","Species","Abertella","","aberti","","1","0","0","0","accepted","","2011-12-19","urn:lsid:marinespecies.org:taxname:591082","512718"
"591083","Abertella cazonensis","","869912","Abertella cazonesensis","(Kew in Dickerson & Kew, 1917)","1","Animalia","Echinodermata","Echinoidea","Echinolampadacea","Abertellidae","Species","Abertella","","cazonensis","","1","0","0","0","unaccepted","misspelling","2016-02-11","urn:lsid:marinespecies.org:taxname:591083","512718"
"869912","Abertella cazonesensis","(Kew in Dickerson & Kew, 1917)","869912","Abertella cazonesensis","(Kew in Dickerson & Kew, 1917)","1","Animalia","Echinodermata","Echinoidea","Echinolampadacea","Abertellidae","Species","Abertella","","cazonesensis","","1","0","0","0","accepted","","2016-02-11","urn:lsid:marinespecies.org:taxname:869912","512718"
"591094","Abertella complanata","Brito, 1981","1544806","Placatenella complanata","(Brito, 1981)","1","Animalia","Echinodermata","Echinoidea","Echinolampadacea","Abertellidae","Species","Abertella","","complanata","","1","0","0","0","unaccepted","transferred to Placatenella by Mooi et al. 2018: 306","2021-10-06","urn:lsid:marinespecies.org:taxname:591094","512718"
"591089","Abertella dengleri","Osborne & Ciampaglio, 2010","591089","Abertella dengleri","Osborne & Ciampaglio, 2010","1","Animalia","Echinodermata","Echinoidea","Echinolampadacea","Abertellidae","Species","Abertella","","dengleri","","1","0","0","0","accepted","","2011-12-19","urn:lsid:marinespecies.org:taxname:591089","512718"
"591095","Abertella floridana","(Cooke, 1942)","591082","Abertella aberti","(Conrad, 1842)","1","Animalia","Echinodermata","Echinoidea","Echinolampadacea","Abertellidae","Species","Abertella","","floridana","","1","0","0","0","unaccepted","subjective junior synonym","2011-12-19","urn:lsid:marinespecies.org:taxname:591095","512718"
"591088","Abertella gualichensis","Martínez, Reichler & Mooi, 2005","591088","Abertella gualichensis","Martínez, Reichler & Mooi, 2005","1","Animalia","Echinodermata","Echinoidea","Echinolampadacea","Abertellidae","Species","Abertella","","gualichensis","","1","0","0","0","accepted","","2011-12-19","urn:lsid:marinespecies.org:taxname:591088","512718"
"591087","Abertella habanensis","(Sanchez Roig, 1949)","591087","Abertella habanensis","(Sanchez Roig, 1949)","1","Animalia","Echinodermata","Echinoidea","Echinolampadacea","Abertellidae","Species","Abertella","","habanensis","","1","0","0","0","accepted","","2011-12-19","urn:lsid:marinespecies.org:taxname:591087","512718"
"754963","Abertella kewi","Durham, 1957","754963","Abertella kewi","Durham, 1957","1","Animalia","Echinodermata","Echinoidea","Echinolampadacea","Abertellidae","Species","Abertella","","kewi","","1","0","0","0","accepted","","2014-03-05","urn:lsid:marinespecies.org:taxname:754963","512718"
"716382","Abertella miskellyi","Kroh, Mooi, del Rió & Neumann, 2013","716382","Abertella miskellyi","Kroh, Mooi, del Rió & Neumann, 2013","1","Animalia","Echinodermata","Echinoidea","Echinolampadacea","Abertellidae","Species","Abertella","","miskellyi","","1","0","0","0","accepted","","2013-01-22","urn:lsid:marinespecies.org:taxname:716382","512718"
"754964","Abertella palmeri","Durham, 1957","754964","Abertella palmeri","Durham, 1957","1","Animalia","Echinodermata","Echinoidea","Echinolampadacea","Abertellidae","Species","Abertella","","palmeri","","1","0","0","0","accepted","","2014-03-05","urn:lsid:marinespecies.org:taxname:754964","512718"
"591086","Abertella pirabensis","(Marchesini Santos, 1958)","591086","Abertella pirabensis","(Marchesini Santos, 1958)","1","Animalia","Echinodermata","Echinoidea","Echinolampadacea","Abertellidae","Species","Abertella","","pirabensis","","1","0","0","0","accepted","","2011-12-19","urn:lsid:marinespecies.org:taxname:591086","512718"
"510610","Abertellidae","Durham, 1955","510610","Abertellidae","Durham, 1955","1","Animalia","Echinodermata","Echinoidea","Echinolampadacea","Abertellidae","Family","","","","","1","0","0","0","accepted","","2012-09-07","urn:lsid:marinespecies.org:taxname:510610","852321"
"1078449","Abesina","Neck.","416132","Verbesina","L.","","Plantae","Tracheophyta","Magnoliopsida","Asterales","Compositae","Genus","Abesina","","","","0","0","0","1","unaccepted","","2013-09-13","urn:lsid:marinespecies.org:taxname:1078449","1074868"
"1259379","Abeskunus","Logvinenko & Starobogatov, 1969","1259379","Abeskunus","Logvinenko & Starobogatov, 1969","0","Animalia","Mollusca","Gastropoda","Littorinimorpha","Lithoglyphidae","Genus","Abeskunus","","","","0","1","0","0","accepted","","2024-02-16","urn:lsid:marinespecies.org:taxname:1259379","715961"
"1333207","Abeskunus brusinianus","(Clessin & W. Dybowski, 1887)","1333207","Abeskunus brusinianus","(Clessin & W. Dybowski, 1887)","0","Animalia","Mollusca","Gastropoda","Littorinimorpha","Lithoglyphidae","Species","Abeskunus","","brusinianus","","0","1","","0","accepted","","2022-08-29","urn:lsid:marinespecies.org:taxname:1333207","1259379"
"1259380","Abeskunus depressispira","(Logvinenko & Starobogatov, 1969)","1259380","Abeskunus depressispira","(Logvinenko & Starobogatov, 1969)","","Animalia","Mollusca","Gastropoda","Littorinimorpha","Lithoglyphidae","Species","Abeskunus","","depressispira","","0","1","0","0","accepted","","2019-03-12","urn:lsid:marinespecies.org:taxname:1259380","1259379"
"1333210","Abeskunus exiguus","(Eichwald, 1838)","1333210","Abeskunus exiguus","(Eichwald, 1838)","0","Animalia","Mollusca","Gastropoda","Littorinimorpha","Lithoglyphidae","Species","Abeskunus","","exiguus","","0","1","","0","accepted","","2019-03-13","urn:lsid:marinespecies.org:taxname:1333210","1259379"
"1489042","Abgrallaspis","Balachowsky, 1948","1489042","Abgrallaspis","Balachowsky, 1948","","Animalia","Arthropoda","Hexapoda","Hemiptera","Diaspididae","Genus","Abgrallaspis","","","","","","","1","accepted","","2021-03-10","urn:lsid:marinespecies.org:taxname:1489042","990749"
"1489043","Abgrallaspis cyanophylli","(Signoret, 1869)","1489043","Abgrallaspis cyanophylli","(Signoret, 1869)","","Animalia","Arthropoda","Hexapoda","Hemiptera","Diaspididae","Species","Abgrallaspis","","cyanophylli","","","","","1","accepted","","2021-03-10","urn:lsid:marinespecies.org:taxname:1489043","1489042"
"1601501","Abichia","Andrusov, 1907","1498193","Paradacna","Andrusov, 1909","1","Animalia","Mollusca","Bivalvia","Cardiida","Cardiidae","Genus","Abichia","","","","0","1","0","0","junior homonym","junior homonym of <em>Abichia</em> Gemmellaro, 1888 [Cephalopoda]; <em>Paradacna</em> is a replacement name","2022-09-14","urn:lsid:marinespecies.org:taxname:1601501","1496557"
"933964","Abida","W. Turton, 1831","933964","Abida","W. Turton, 1831","","Animalia","Mollusca","Gastropoda","Stylommatophora","Chondrinidae","Genus","Abida","","","","0","0","0","1","accepted","","2021-06-14","urn:lsid:marinespecies.org:taxname:933964","994879"
"1661620","Abida amanusensis","Pallary, 1939","1661620","Abida amanusensis","Pallary, 1939","","Animalia","Mollusca","Gastropoda","Stylommatophora","Chondrinidae","Species","Abida","","amanusensis","","0","0","0","1","taxon inquirendum","","2024-09-22","urn:lsid:marinespecies.org:taxname:1661620","933964"
"1343605","Abida antiqua","(Zieten, 1832)","934025","Granaria schuebleri","(Klein, 1846)","1","Animalia","Mollusca","Gastropoda","Stylommatophora","Chondrinidae","Species","Abida","","antiqua","","0","0","0","1","junior homonym","junior homonym of <em>Pupa antiqua</em> Matheron, 1832; <em>Pupa schuebleri</em> is a replacement name","2022-11-16","urn:lsid:marinespecies.org:taxname:1343605","933964"
"1343607","Abida antiqua grossecostata","(Gottschick & Wenz, 1919)","934026","Granaria grossecostata","(Gottschick & Wenz, 1919)","1","Animalia","Mollusca","Gastropoda","Stylommatophora","Chondrinidae","Subspecies","Abida","","antiqua","grossecostata","0","0","0","1","unaccepted","superseded rank and combination","2022-11-21","urn:lsid:marinespecies.org:taxname:1343607","1343605"
"1343608","Abida antiqua noerdlingensis","(Klein, 1846)","934030","Granaria noerdlingensis","(Klein, 1846)","1","Animalia","Mollusca","Gastropoda","Stylommatophora","Chondrinidae","Subspecies","Abida","","antiqua","noerdlingensis","0","0","0","1","unaccepted","superseded rank and combination","2022-11-21","urn:lsid:marinespecies.org:taxname:1343608","1343605"
"1000778","Abida ateni","E. Gittenberger, 1973","1000778","Abida ateni","E. Gittenberger, 1973","","Animalia","Mollusca","Gastropoda","Stylommatophora","Chondrinidae","Species","Abida","","ateni","","0","0","0","1","accepted","","2021-05-09","urn:lsid:marinespecies.org:taxname:1000778","933964"
"1001798","Abida attenuata","(Fagot, 1887)","1001798","Abida attenuata","(Fagot, 1887)","","Animalia","Mollusca","Gastropoda","Stylommatophora","Chondrinidae","Species","Abida","","attenuata","","0","0","0","1","accepted","","2021-04-19","urn:lsid:marinespecies.org:taxname:1001798","933964"
"1001799","Abida bigerrensis","(Moquin-Tandon, 1856)","1001799","Abida bigerrensis","(Moquin-Tandon, 1856)","","Animalia","Mollusca","Gastropoda","Stylommatophora","Chondrinidae","Species","Abida","","bigerrensis","","0","0","0","1","accepted","","2021-04-18","urn:lsid:marinespecies.org:taxname:1001799","933964"
"934059","Abida bythiniformis","(K. Miller, 1907)","934059","Abida bythiniformis","(K. Miller, 1907)","1","Animalia","Mollusca","Gastropoda","Stylommatophora","Chondrinidae","Species","Abida","","bythiniformis","","0","0","0","1","accepted","","2017-01-12","urn:lsid:marinespecies.org:taxname:934059","933964"
"1717225","Abida cadica","(Westerlund, 1902)","1004289","Abida secale cadica","(Westerlund, 1902)","0","Animalia","Mollusca","Gastropoda","Stylommatophora","Chondrinidae","Species","Abida","","cadica","","0","0","0","1","superseded combination","","2023-11-12","urn:lsid:marinespecies.org:taxname:1717225","933964"
"1509609","Abida cadica brauniopsis","Altimira, 1963","1003581","Abida secale brauniopsis","Altimira, 1963","","Animalia","Mollusca","Gastropoda","Stylommatophora","Chondrinidae","Subspecies","Abida","","cadica","brauniopsis","0","0","0","1","unaccepted","basionym","2023-11-07","urn:lsid:marinespecies.org:taxname:1509609","1717225"
"1509359","Abida catalonica","(Bofill, 1886)","1004285","Abida secale affinis","(Rossmässler, 1839)","","Animalia","Mollusca","Gastropoda","Stylommatophora","Chondrinidae","Species","Abida","","catalonica","","0","0","0","1","unaccepted","junior synonym","2021-05-07","urn:lsid:marinespecies.org:taxname:1509359","933964"
"1509360","Abida catalonica valida","Aguilar-Amat, 1932","1004290","Abida secale lilietensis","(Bofill, 1886)","","Animalia","Mollusca","Gastropoda","Stylommatophora","Chondrinidae","Subspecies","Abida","","catalonica","valida","0","0","0","1","unaccepted","junior synonym","2022-02-09","urn:lsid:marinespecies.org:taxname:1509360","1509359"
"1117202","Abida costata","Lueger, 1981","934028","Granaria costata","(Lueger, 1981)","1","Animalia","Mollusca","Gastropoda","Stylommatophora","Chondrinidae","Species","Abida","","costata","","0","0","0","1","superseded combination","","2022-08-30","urn:lsid:marinespecies.org:taxname:1117202","933964"
"1001800","Abida cylindrica","(Michaud, 1829)","1001800","Abida cylindrica","(Michaud, 1829)","","Animalia","Mollusca","Gastropoda","Stylommatophora","Chondrinidae","Species","Abida","","cylindrica","","0","0","0","1","accepted","","2021-05-09","urn:lsid:marinespecies.org:taxname:1001800","933964"
"1555581","Abida escudiei","Geniez & Bertrand, 2001","1001802","Abida partioti","(Saint-Simon, 1848)","","Animalia","Mollusca","Gastropoda","Stylommatophora","Chondrinidae","Species","Abida","","escudiei","","0","0","0","1","junior subjective synonym","","2022-08-25","urn:lsid:marinespecies.org:taxname:1555581","933964"
"1515236","Abida frumentum","(Draparnaud, 1801)","1003152","Granaria frumentum","(Draparnaud, 1801)","","Animalia","Mollusca","Gastropoda","Stylommatophora","Chondrinidae","Species","Abida","","frumentum","","0","0","0","1","unaccepted","superseded generic combination","2023-07-16","urn:lsid:marinespecies.org:taxname:1515236","933964"
"1515237","Abida frumentum brelihi","Bole, 1969","1004316","Granaria frumentum illyrica","(Rossmässler, 1835)","0","Animalia","Mollusca","Gastropoda","Stylommatophora","Chondrinidae","Subspecies","Abida","","frumentum","brelihi","0","0","0","1","junior subjective synonym","","2024-09-22","urn:lsid:marinespecies.org:taxname:1515237","1515236"
"1343614","Abida fustis","(O. Boettger, 1889)","1343612","Granaria fustis","(O. Boettger, 1889)","1","Animalia","Mollusca","Gastropoda","Stylommatophora","Chondrinidae","Species","Abida","","fustis","","0","0","0","1","superseded combination","","2022-11-21","urn:lsid:marinespecies.org:taxname:1343614","933964"
"1000779","Abida gittenbergeri","Bößneck, 2000","1000779","Abida gittenbergeri","Bößneck, 2000","","Animalia","Mollusca","Gastropoda","Stylommatophora","Chondrinidae","Species","Abida","","gittenbergeri","","0","0","0","1","accepted","","2023-11-07","urn:lsid:marinespecies.org:taxname:1000779","933964"
"1054362","Abida helicidarum","Jooss, 1924","934032","Granaria helicidarum","(Jooss, 1924)","1","Animalia","Mollusca","Gastropoda","Stylommatophora","Chondrinidae","Species","Abida","","helicidarum","","0","0","0","1","superseded combination","","2022-08-30","urn:lsid:marinespecies.org:taxname:1054362","933964"
"1343610","Abida intrusa","(Slavík, 1869)","933944","Granaria intrusa","(Slavík, 1869)","1","Animalia","Mollusca","Gastropoda","Stylommatophora","Chondrinidae","Species","Abida","","intrusa","","0","0","0","1","superseded combination","","2022-11-21","urn:lsid:marinespecies.org:taxname:1343610","933964"
"1609682","Abida lapidaria","(T. Hutton, 1849)","1757856","Granopupa lapidaria","(T. Hutton, 1849)","","Animalia","Mollusca","Gastropoda","Stylommatophora","Chondrinidae","Species","Abida","","lapidaria","","0","0","0","1","superseded combination","","2024-06-21","urn:lsid:marinespecies.org:taxname:1609682","933964"
"1343616","Abida multicostulata","(Gutzwiller, 1905)","934033","Granaria multicostulata","(Gutzwiller, 1905)","1","Animalia","Mollusca","Gastropoda","Stylommatophora","Chondrinidae","Species","Abida","","multicostulata","","0","0","0","1","superseded combination","","2022-11-21","urn:lsid:marinespecies.org:taxname:1343616","933964"
"1001801","Abida occidentalis","(Fagot, 1888)","1001801","Abida occidentalis","(Fagot, 1888)","","Animalia","Mollusca","Gastropoda","Stylommatophora","Chondrinidae","Species","Abida","","occidentalis","","0","0","0","1","accepted","","2021-05-09","urn:lsid:marinespecies.org:taxname:1001801","933964"
"1343619","Abida oryza","(F. E. Edwards, 1852)","1444778","Granaria oryza","(F. E. Edwards, 1852)","1","Animalia","Mollusca","Gastropoda","Stylommatophora","Chondrinidae","Species","Abida","","oryza","","0","0","0","1","superseded combination","","2022-11-21","urn:lsid:marinespecies.org:taxname:1343619","933964"
"1001802","Abida partioti","(Saint-Simon, 1848)","1001802","Abida partioti","(Saint-Simon, 1848)","","Animalia","Mollusca","Gastropoda","Stylommatophora","Chondrinidae","Species","Abida","","partioti","","0","0","0","1","accepted","","2021-05-10","urn:lsid:marinespecies.org:taxname:1001802","933964"
"1001803","Abida polyodon","(Draparnaud, 1801)","1001803","Abida polyodon","(Draparnaud, 1801)","","Animalia","Mollusca","Gastropoda","Stylommatophora","Chondrinidae","Species","Abida","","polyodon","","0","0","0","1","accepted","","2017-06-27","urn:lsid:marinespecies.org:taxname:1001803","933964"
"1509806","Abida polyodon montserratica","(Fagot, 1884)","1001803","Abida polyodon","(Draparnaud, 1801)","","Animalia","Mollusca","Gastropoda","Stylommatophora","Chondrinidae","Subspecies","Abida","","polyodon","montserratica","0","0","0","1","unaccepted","junior synonym","2021-05-10","urn:lsid:marinespecies.org:taxname:1509806","1001803"
"1509807","Abida polyodon montserratica var. monsjovica","Aguilar-Amat, 1932","1001803","Abida polyodon","(Draparnaud, 1801)","","Animalia","Mollusca","Gastropoda","Stylommatophora","Chondrinidae","Variety","Abida","","polyodon","montserratica","0","0","0","1","nomen nudum","","2023-11-12","urn:lsid:marinespecies.org:taxname:1509807","1509806"
"1509808","Abida polyodon montserratica var. vidali","Aguilar-Amat, 1932","1001803","Abida polyodon","(Draparnaud, 1801)","","Animalia","Mollusca","Gastropoda","Stylommatophora","Chondrinidae","Variety","Abida","","polyodon","montserratica","0","0","0","1","nomen nudum","","2023-11-12","urn:lsid:marinespecies.org:taxname:1509808","1509806"
"1001804","Abida pyrenaearia","(Michaud, 1831)","1001804","Abida pyrenaearia","(Michaud, 1831)","","Animalia","Mollusca","Gastropoda","Stylommatophora","Chondrinidae","Species","Abida","","pyrenaearia","","0","0","0","1","accepted","","2021-04-10","urn:lsid:marinespecies.org:taxname:1001804","933964"
"1509612","Abida pyrenaearia pyrenaearia","(Michaud, 1831)","1001804","Abida pyrenaearia","(Michaud, 1831)","","Animalia","Mollusca","Gastropoda","Stylommatophora","Chondrinidae","Subspecies","Abida","","pyrenaearia","pyrenaearia","0","0","0","1","unaccepted","no subspecies are recognized","2021-05-09","urn:lsid:marinespecies.org:taxname:1509612","1001804"
"1509628","Abida pyrenaearia vergniesiana","(Küster, 1847)","1001806","Abida vergniesiana","(Küster, 1847)","","Animalia","Mollusca","Gastropoda","Stylommatophora","Chondrinidae","Subspecies","Abida","","pyrenaearia","vergniesiana","0","0","0","1","unaccepted","unaccepted rank","2021-05-09","urn:lsid:marinespecies.org:taxname:1509628","1001804"
"1343621","Abida schlosseri","(Cossmann, 1908)","934029","Granaria schlosseri","(Cossmann, 1908)","1","Animalia","Mollusca","Gastropoda","Stylommatophora","Chondrinidae","Species","Abida","","schlosseri","","0","0","0","1","superseded combination","","2022-11-21","urn:lsid:marinespecies.org:taxname:1343621","933964"
"934321","Abida secale","(Draparnaud, 1801)","934321","Abida secale","(Draparnaud, 1801)","","Animalia","Mollusca","Gastropoda","Stylommatophora","Chondrinidae","Species","Abida","","secale","","0","0","0","1","accepted","","2017-01-12","urn:lsid:marinespecies.org:taxname:934321","933964"
"1004285","Abida secale affinis","(Rossmässler, 1839)","1004285","Abida secale affinis","(Rossmässler, 1839)","","Animalia","Mollusca","Gastropoda","Stylommatophora","Chondrinidae","Subspecies","Abida","","secale","affinis","0","0","0","1","accepted","","2019-06-03","urn:lsid:marinespecies.org:taxname:1004285","934321"
"1004286","Abida secale andorrensis","(Bourguignat, 1863)","1004286","Abida secale andorrensis","(Bourguignat, 1863)","","Animalia","Mollusca","Gastropoda","Stylommatophora","Chondrinidae","Subspecies","Abida","","secale","andorrensis","0","0","0","1","accepted","","2023-11-17","urn:lsid:marinespecies.org:taxname:1004286","934321"
"1304319","Abida secale ateni","E. Gittenberger, 1973","1000778","Abida ateni","E. Gittenberger, 1973","","Animalia","Mollusca","Gastropoda","Stylommatophora","Chondrinidae","Subspecies","Abida","","secale","ateni","0","0","0","1","unaccepted","original combination","2018-10-13","urn:lsid:marinespecies.org:taxname:1304319","934321"
"1004287","Abida secale bofilli","(Fagot, 1884)","1004287","Abida secale bofilli","(Fagot, 1884)","","Animalia","Mollusca","Gastropoda","Stylommatophora","Chondrinidae","Subspecies","Abida","","secale","bofilli","0","0","0","1","accepted","","2023-11-17","urn:lsid:marinespecies.org:taxname:1004287","934321"
"1004288","Abida secale boileausiana","(Küster, 1845)","1004288","Abida secale boileausiana","(Küster, 1845)","","Animalia","Mollusca","Gastropoda","Stylommatophora","Chondrinidae","Subspecies","Abida","","secale","boileausiana","0","0","0","1","accepted","","2021-05-07","urn:lsid:marinespecies.org:taxname:1004288","934321"
"1003581","Abida secale brauniopsis","Altimira, 1963","1003581","Abida secale brauniopsis","Altimira, 1963","","Animalia","Mollusca","Gastropoda","Stylommatophora","Chondrinidae","Subspecies","Abida","","secale","brauniopsis","0","0","0","1","accepted","","2021-05-09","urn:lsid:marinespecies.org:taxname:1003581","934321"
"1003582","Abida secale brongersmai","E. Gittenberger, 1973","1003582","Abida secale brongersmai","E. Gittenberger, 1973","","Animalia","Mollusca","Gastropoda","Stylommatophora","Chondrinidae","Subspecies","Abida","","secale","brongersmai","0","0","0","1","accepted","","2017-06-27","urn:lsid:marinespecies.org:taxname:1003582","934321"
"1004289","Abida secale cadica","(Westerlund, 1902)","1004289","Abida secale cadica","(Westerlund, 1902)","0","Animalia","Mollusca","Gastropoda","Stylommatophora","Chondrinidae","Subspecies","Abida","","secale","cadica","0","0","0","1","accepted","","2023-11-12","urn:lsid:marinespecies.org:taxname:1004289","934321"
"1003583","Abida secale cadiensis","E. Gittenberger, 1973","1003583","Abida secale cadiensis","E. Gittenberger, 1973","","Animalia","Mollusca","Gastropoda","Stylommatophora","Chondrinidae","Subspecies","Abida","","secale","cadiensis","0","0","0","1","accepted","","2017-06-27","urn:lsid:marinespecies.org:taxname:1003583","934321"
"1003584","Abida secale elegantissima","E. Gittenberger, 1973","1003584","Abida secale elegantissima","E. Gittenberger, 1973","","Animalia","Mollusca","Gastropoda","Stylommatophora","Chondrinidae","Subspecies","Abida","","secale","elegantissima","0","0","0","1","accepted","","2017-06-27","urn:lsid:marinespecies.org:taxname:1003584","934321"
"1003585","Abida secale ionicae","Kokshoorn & E. Gittenberger, 2010","1003585","Abida secale ionicae","Kokshoorn & E. Gittenberger, 2010","","Animalia","Mollusca","Gastropoda","Stylommatophora","Chondrinidae","Subspecies","Abida","","secale","ionicae","0","0","0","1","accepted","","2017-06-27","urn:lsid:marinespecies.org:taxname:1003585","934321"
"1004290","Abida secale lilietensis","(Bofill, 1886)","1004290","Abida secale lilietensis","(Bofill, 1886)","","Animalia","Mollusca","Gastropoda","Stylommatophora","Chondrinidae","Subspecies","Abida","","secale","lilietensis","0","0","0","1","accepted","","2021-05-07","urn:lsid:marinespecies.org:taxname:1004290","934321"
"1003586","Abida secale margaridae","Bech, 1993","1003586","Abida secale margaridae","Bech, 1993","","Animalia","Mollusca","Gastropoda","Stylommatophora","Chondrinidae","Subspecies","Abida","","secale","margaridae","0","0","0","1","accepted","","2017-06-27","urn:lsid:marinespecies.org:taxname:1003586","934321"
"1003587","Abida secale meridionalis","Martínez-Ortí, Gómez & Faci, 2004","1003587","Abida secale meridionalis","Martínez-Ortí, Gómez & Faci, 2004","","Animalia","Mollusca","Gastropoda","Stylommatophora","Chondrinidae","Subspecies","Abida","","secale","meridionalis","0","0","0","1","accepted","","2017-06-27","urn:lsid:marinespecies.org:taxname:1003587","934321"
"1003588","Abida secale merijni","Kokshoorn & E. Gittenberger, 2010","1003588","Abida secale merijni","Kokshoorn & E. Gittenberger, 2010","","Animalia","Mollusca","Gastropoda","Stylommatophora","Chondrinidae","Subspecies","Abida","","secale","merijni","0","0","0","1","accepted","","2017-06-27","urn:lsid:marinespecies.org:taxname:1003588","934321"
"1003589","Abida secale peteri","Kokshoorn & E. Gittenberger, 2010","1003589","Abida secale peteri","Kokshoorn & E. Gittenberger, 2010","","Animalia","Mollusca","Gastropoda","Stylommatophora","Chondrinidae","Subspecies","Abida","","secale","peteri","0","0","0","1","accepted","","2017-06-27","urn:lsid:marinespecies.org:taxname:1003589","934321"
"1509348","Abida secale petrophila","(Fagot, 1888)","1004291","Abida secale saxicola","(Moquin-Tandon, 1843)","0","Animalia","Mollusca","Gastropoda","Stylommatophora","Chondrinidae","Subspecies","Abida","","secale","petrophila","0","0","0","1","junior subjective synonym","","2025-07-05","urn:lsid:marinespecies.org:taxname:1509348","934321"
"1004291","Abida secale saxicola","(Moquin-Tandon, 1843)","1004291","Abida secale saxicola","(Moquin-Tandon, 1843)","","Animalia","Mollusca","Gastropoda","Stylommatophora","Chondrinidae","Subspecies","Abida","","secale","saxicola","0","0","0","1","accepted","","2021-05-07","urn:lsid:marinespecies.org:taxname:1004291","934321"
"1004292","Abida secale secale","(Draparnaud, 1801)","1004292","Abida secale secale","(Draparnaud, 1801)","","Animalia","Mollusca","Gastropoda","Stylommatophora","Chondrinidae","Subspecies","Abida","","secale","secale","0","0","0","1","accepted","","2021-12-24","urn:lsid:marinespecies.org:taxname:1004292","934321"
"1004293","Abida secale tuxensis","(Westerlund, 1902)","1004293","Abida secale tuxensis","(Westerlund, 1902)","","Animalia","Mollusca","Gastropoda","Stylommatophora","Chondrinidae","Subspecies","Abida","","secale","tuxensis","0","0","0","1","accepted","","2021-05-07","urn:lsid:marinespecies.org:taxname:1004293","934321"
"1003590","Abida secale vilellai","Kokshoorn & E. Gittenberger, 2010","1003590","Abida secale vilellai","Kokshoorn & E. Gittenberger, 2010","","Animalia","Mollusca","Gastropoda","Stylommatophora","Chondrinidae","Subspecies","Abida","","secale","vilellai","0","0","0","1","accepted","","2017-06-27","urn:lsid:marinespecies.org:taxname:1003590","934321"
"1343622","Abida servasensis","(Fontannes, 1884)","1343622","Abida servasensis","(Fontannes, 1884)","1","Animalia","Mollusca","Gastropoda","Stylommatophora","Chondrinidae","Species","Abida","","servasensis","","0","0","0","1","accepted","","2019-05-03","urn:lsid:marinespecies.org:taxname:1343622","933964"
"1508943","Abida similis","(Bruguière, 1792)","1001827","Solatopupa similis","(Bruguière, 1792)","","Animalia","Mollusca","Gastropoda","Stylommatophora","Chondrinidae","Species","Abida","","similis","","0","0","0","1","unaccepted","unaccepted combination","2021-05-05","urn:lsid:marinespecies.org:taxname:1508943","933964"
"1508944","Abida similis var. laevigata","K. Büttner, 1926","1003159","Solatopupa guidoni","(Caziot, 1904)","","Animalia","Mollusca","Gastropoda","Stylommatophora","Chondrinidae","Variety","Abida","","similis","","0","0","0","1","nomen nudum","","2024-12-28","urn:lsid:marinespecies.org:taxname:1508944","1508943"
"1661621","Abida slenfesis","Pallary, 1939","1661621","Abida slenfesis","Pallary, 1939","","Animalia","Mollusca","Gastropoda","Stylommatophora","Chondrinidae","Species","Abida","","slenfesis","","0","0","0","1","taxon inquirendum","","2024-09-29","urn:lsid:marinespecies.org:taxname:1661621","933964"
"1343624","Abida subfusiformis","(F. Sandberger, 1875)","933980","Granaria subfusiformis","(F. Sandberger, 1875)","1","Animalia","Mollusca","Gastropoda","Stylommatophora","Chondrinidae","Species","Abida","","subfusiformis","","0","0","0","1","superseded combination","","2022-11-21","urn:lsid:marinespecies.org:taxname:1343624","933964"
"1343625","Abida subvariabilis","(F. Sandberger, 1858)","934031","Granaria subvariabilis","(F. Sandberger, 1858)","1","Animalia","Mollusca","Gastropoda","Stylommatophora","Chondrinidae","Species","Abida","","subvariabilis","","0","0","0","1","superseded combination","","2022-11-21","urn:lsid:marinespecies.org:taxname:1343625","933964"
"1343626","Abida subvariabilis ulmensis","Wenz, 1923","934031","Granaria subvariabilis","(F. Sandberger, 1858)","1","Animalia","Mollusca","Gastropoda","Stylommatophora","Chondrinidae","Subspecies","Abida","","subvariabilis","ulmensis","0","0","0","1","junior subjective synonym","","2022-11-21","urn:lsid:marinespecies.org:taxname:1343626","1343625"
"1001805","Abida vasconica","(Kobelt, 1882)","1001805","Abida vasconica","(Kobelt, 1882)","","Animalia","Mollusca","Gastropoda","Stylommatophora","Chondrinidae","Species","Abida","","vasconica","","0","0","0","1","accepted","","2021-05-10","urn:lsid:marinespecies.org:taxname:1001805","933964"
"1001806","Abida vergniesiana","(Küster, 1847)","1001806","Abida vergniesiana","(Küster, 1847)","","Animalia","Mollusca","Gastropoda","Stylommatophora","Chondrinidae","Species","Abida","","vergniesiana","","0","0","0","1","accepted","","2017-06-27","urn:lsid:marinespecies.org:taxname:1001806","933964"
"1214131","Abida vouastensis","(Raspail, 1909)","1214131","Abida vouastensis","(Raspail, 1909)","1","Animalia","Mollusca","Gastropoda","Stylommatophora","Chondrinidae","Species","Abida","","vouastensis","","0","0","0","1","accepted","","2018-03-29","urn:lsid:marinespecies.org:taxname:1214131","933964"
"1594859","Abiella","Ragozin, 1933","1594859","Abiella","Ragozin, 1933","1","Animalia","Mollusca","Bivalvia","Myalinida","Prokopievskiidae","Genus","Abiella","","","","0","","1","0","accepted","","2024-02-16","urn:lsid:marinespecies.org:taxname:1594859","1594857"
"1647732","Abiella (Abiella)","Ragozin, 1933","1594859","Abiella","Ragozin, 1933","1","Animalia","Mollusca","Bivalvia","Myalinida","Prokopievskiidae","Subgenus","Abiella","Abiella","","","0","","1","0","alternative representation","","2023-10-12","urn:lsid:marinespecies.org:taxname:1647732","1594859"
"1647733","Abiella (Abiella) arta","Papin, 1996","1647734","Abiella arta","Papin, 1996","1","Animalia","Mollusca","Bivalvia","Myalinida","Prokopievskiidae","Species","Abiella","Abiella","arta","","0","","1","0","alternative representation","","2023-03-14","urn:lsid:marinespecies.org:taxname:1647733","1647732"
"1697107","Abiella (Concinella)","Betekhtina, 1966","1644300","Concinella","Betekhtina, 1966","1","Animalia","Mollusca","Bivalvia","Myalinida","Prokopievskiidae","Subgenus","Abiella","Concinella","","","0","","1","0","superseded rank","","2023-10-11","urn:lsid:marinespecies.org:taxname:1697107","1594859"
"1703110","Abiella (Concinnella)","[sic]","1644300","Concinella","Betekhtina, 1966","1","Animalia","Mollusca","Bivalvia","Myalinida","Prokopievskiidae","Subgenus","Abiella","Concinnella","","","0","","1","0","misspelling - incorrect subsequent spelling","","2023-10-11","urn:lsid:marinespecies.org:taxname:1703110","1594859"
"1697108","Abiella (Concinnella) amica","Papin, 1968","1703117","Concinella concinna","(T. R. Jones, 1901)","1","Animalia","Mollusca","Bivalvia","Myalinida","Prokopievskiidae","Species","Abiella","Concinnella","amica","","0","","1","0","junior subjective synonym","","2023-10-13","urn:lsid:marinespecies.org:taxname:1697108","1703110"
"1703123","Abiella (Concinnella) clara","Papin, 1968","1710793","Concinella clara","(Papin, 1968)","1","Animalia","Mollusca","Bivalvia","Myalinida","Prokopievskiidae","Species","Abiella","Concinnella","clara","","0","","1","0","unaccepted","","2023-10-12","urn:lsid:marinespecies.org:taxname:1703123","1703110"
"1703124","Abiella (Concinnella) gravis","Papin, 1968","1710792","Concinella gravis","(Papin, 1968)","1","Animalia","Mollusca","Bivalvia","Myalinida","Prokopievskiidae","Species","Abiella","Concinnella","gravis","","0","","1","0","unaccepted","","2023-10-12","urn:lsid:marinespecies.org:taxname:1703124","1703110"
"1703112","Abiella (Concinnella) moralis","Papin, 1968","1645049","Concinella moralis","(Papin, 1968)","1","Animalia","Mollusca","Bivalvia","Myalinida","Prokopievskiidae","Species","Abiella","Concinnella","moralis","","0","","1","0","superseded combination","","2023-10-11","urn:lsid:marinespecies.org:taxname:1703112","1703110"
"1703121","Abiella (Concinnella) solita","Papin, 1968","1725897","Concinella solita","(Papin, 1968)","1","Animalia","Mollusca","Bivalvia","Myalinida","Prokopievskiidae","Species","Abiella","Concinnella","solita","","0","","1","0","unaccepted","","2023-12-29","urn:lsid:marinespecies.org:taxname:1703121","1703110"
"1645032","Abiella (Kasancoviella)","Ragozin, 1964","1594859","Abiella","Ragozin, 1933","1","Animalia","Mollusca","Bivalvia","Myalinida","Prokopievskiidae","Subgenus","Abiella","Kasancoviella","","","0","","1","0","junior subjective synonym","","2023-03-01","urn:lsid:marinespecies.org:taxname:1645032","1594859"
"1645033","Abiella (Kasancoviella) entis","Papin, 1994","1725895","Abiella entis","Papin, 1994","1","Animalia","Mollusca","Bivalvia","Myalinida","Prokopievskiidae","Species","Abiella","Kasancoviella","entis","","0","","1","0","unaccepted","subgenus is a junior synonym","2023-12-29","urn:lsid:marinespecies.org:taxname:1645033","1645032"
"1645034","Abiella (Kasancoviella) medialis","Papin, 1994","1725896","Abiella medialis","Papin, 1994","1","Animalia","Mollusca","Bivalvia","Myalinida","Prokopievskiidae","Species","Abiella","Kasancoviella","medialis","","0","","1","0","unaccepted","subgenus is a junior synonym","2023-12-29","urn:lsid:marinespecies.org:taxname:1645034","1645032"
"1645035","Abiella (Kasancoviella) speciosa","Papin, 1994","1725894","Abiella speciosa","Papin, 1994","1","Animalia","Mollusca","Bivalvia","Myalinida","Prokopievskiidae","Species","Abiella","Kasancoviella","speciosa","","0","","1","0","unaccepted","subgenus is a junior synonym","2023-12-29","urn:lsid:marinespecies.org:taxname:1645035","1645032"
"1645039","Abiella (Olla)","Papin, 1994","1594859","Abiella","Ragozin, 1933","1","Animalia","Mollusca","Bivalvia","Myalinida","Prokopievskiidae","Subgenus","Abiella","Olla","","","0","","1","0","alternative representation","invalid: junior homonym of <i>Olla</i> Casey, 1899 [Coleoptera]","2023-10-12","urn:lsid:marinespecies.org:taxname:1645039","1594859"
"1697118","Abiella (Olla) burussensis","(Ragozin, 1964)","1697117","Abiella burussensis","(Ragozin, 1964)","1","Animalia","Mollusca","Bivalvia","Myalinida","Prokopievskiidae","Species","Abiella","Olla","burussensis","","0","","1","0","alternative representation","","2023-09-14","urn:lsid:marinespecies.org:taxname:1697118","1645039"
"1645040","Abiella (Olla) confinis","Papin, 1994","1703118","Abiella confinis","Papin, 1994","1","Animalia","Mollusca","Bivalvia","Myalinida","Prokopievskiidae","Species","Abiella","Olla","confinis","","0","","1","0","alternative representation","","2023-10-11","urn:lsid:marinespecies.org:taxname:1645040","1645039"
"1647726","Abiella (Olla) inulta","Papin, 1996","1647769","Abiella inulta","Papin, 1996","1","Animalia","Mollusca","Bivalvia","Myalinida","Prokopievskiidae","Species","Abiella","Olla","inulta","","0","","1","0","unaccepted","subgenus is a junior homonym","2023-03-14","urn:lsid:marinespecies.org:taxname:1647726","1645039"
"1645042","Abiella (Opta)","Papin, 1994","1594859","Abiella","Ragozin, 1933","1","Animalia","Mollusca","Bivalvia","Myalinida","Prokopievskiidae","Subgenus","Abiella","Opta","","","0","","1","0","alternative representation","","2023-12-29","urn:lsid:marinespecies.org:taxname:1645042","1594859"
"1645043","Abiella (Opta) compressis","Papin, 1994","1725890","Abiella compressis","Papin, 1994","1","Animalia","Mollusca","Bivalvia","Myalinida","Prokopievskiidae","Species","Abiella","Opta","compressis","","0","","1","0","alternative representation","","2023-12-29","urn:lsid:marinespecies.org:taxname:1645043","1645042"
"1645036","Abiella (Ragozinella)","Betekhtina, 1988","1594859","Abiella","Ragozin, 1933","1","Animalia","Mollusca","Bivalvia","Myalinida","Prokopievskiidae","Subgenus","Abiella","Ragozinella","","","0","","1","0","alternative representation","","2023-12-29","urn:lsid:marinespecies.org:taxname:1645036","1594859"
"1645038","Abiella (Ragozinella) erunakovi","Papin, 1994","1725893","Abiella erunakovi","Papin, 1994","1","Animalia","Mollusca","Bivalvia","Myalinida","Prokopievskiidae","Species","Abiella","Ragozinella","erunakovi","","0","","1","0","alternative representation","","2023-12-29","urn:lsid:marinespecies.org:taxname:1645038","1645036"
"1725892","Abiella (Ragozinella) ragozini","(Betekhtina, 1988)","1725891","Abiella ragozini","(Betekhtina, 1988)","1","Animalia","Mollusca","Bivalvia","Myalinida","Prokopievskiidae","Species","Abiella","Ragozinella","ragozini","","0","","1","0","alternative representation","","2023-12-29","urn:lsid:marinespecies.org:taxname:1725892","1645036"
"1647727","Abiella (Vestina)","Papin, 1996","1594859","Abiella","Ragozin, 1933","1","Animalia","Mollusca","Bivalvia","Myalinida","Prokopievskiidae","Subgenus","Abiella","Vestina","","","0","","1","0","alternative representation","","2023-03-14","urn:lsid:marinespecies.org:taxname:1647727","1594859"
"1647728","Abiella (Vestina) pampura","Papin, 1996","1647730","Abiella pampura","Papin, 1996","1","Animalia","Mollusca","Bivalvia","Myalinida","Prokopievskiidae","Species","Abiella","Vestina","pampura","","0","","1","0","alternative representation","","2023-03-14","urn:lsid:marinespecies.org:taxname:1647728","1647727"
"1647729","Abiella (Vestina) positiva","Papin, 1996","1647731","Abiella positiva","Papin, 1996","1","Animalia","Mollusca","Bivalvia","Myalinida","Prokopievskiidae","Species","Abiella","Vestina","positiva","","0","","1","0","alternative representation","","2023-03-14","urn:lsid:marinespecies.org:taxname:1647729","1647727"
"1644588","Abiella alla","Ragozin, 1938","1644588","Abiella alla","Ragozin, 1938","1","Animalia","Mollusca","Bivalvia","Myalinida","Prokopievskiidae","Species","Abiella","","alla","","0","","1","0","taxon inquirendum","not found in the literature since first description","2024-05-28","urn:lsid:marinespecies.org:taxname:1644588","1594859"
"1647734","Abiella arta","Papin, 1996","1647734","Abiella arta","Papin, 1996","1","Animalia","Mollusca","Bivalvia","Myalinida","Prokopievskiidae","Species","Abiella","","arta","","0","","1","0","accepted","","2023-03-14","urn:lsid:marinespecies.org:taxname:1647734","1594859"
"1697057","Abiella beloserskiensis","Ivanova, 1963","1697057","Abiella beloserskiensis","Ivanova, 1963","1","Animalia","Mollusca","Bivalvia","Myalinida","Prokopievskiidae","Species","Abiella","","beloserskiensis","","0","","1","0","accepted","","2023-09-14","urn:lsid:marinespecies.org:taxname:1697057","1594859"
"1697117","Abiella burussensis","(Ragozin, 1964)","1697117","Abiella burussensis","(Ragozin, 1964)","1","Animalia","Mollusca","Bivalvia","Myalinida","Prokopievskiidae","Species","Abiella","","burussensis","","0","","1","0","accepted","","2023-09-14","urn:lsid:marinespecies.org:taxname:1697117","1594859"
"1645222","Abiella chejagica","Kanev, 1989","1645222","Abiella chejagica","Kanev, 1989","1","Animalia","Mollusca","Bivalvia","Myalinida","Prokopievskiidae","Species","Abiella","","chejagica","","0","","1","0","accepted","","2023-10-13","urn:lsid:marinespecies.org:taxname:1645222","1594859"
"1725890","Abiella compressis","Papin, 1994","1725890","Abiella compressis","Papin, 1994","1","Animalia","Mollusca","Bivalvia","Myalinida","Prokopievskiidae","Species","Abiella","","compressis","","0","","1","0","accepted","","2023-12-29","urn:lsid:marinespecies.org:taxname:1725890","1594859"
"1594866","Abiella concinna","(T. R. Jones, 1901)","1703117","Concinella concinna","(T. R. Jones, 1901)","1","Animalia","Mollusca","Bivalvia","Myalinida","Prokopievskiidae","Species","Abiella","","concinna","","0","","1","0","superseded combination","","2023-10-13","urn:lsid:marinespecies.org:taxname:1594866","1594859"
"1653969","Abiella concinna var. angustistriata","Fedotov, 1937","1653968","Concinella angustistriata","(Fedotov, 1937)","1","Animalia","Mollusca","Bivalvia","Myalinida","Prokopievskiidae","Variety","Abiella","","concinna","","0","","1","0","unaccepted","superseded rank and combination","2023-04-20","urn:lsid:marinespecies.org:taxname:1653969","1594866"
"1703118","Abiella confinis","Papin, 1994","1703118","Abiella confinis","Papin, 1994","1","Animalia","Mollusca","Bivalvia","Myalinida","Prokopievskiidae","Species","Abiella","","confinis","","0","","1","0","accepted","","2023-10-11","urn:lsid:marinespecies.org:taxname:1703118","1594859"
"1697104","Abiella cyclos","(Khalfin, 1950)","1697104","Abiella cyclos","(Khalfin, 1950)","1","Animalia","Mollusca","Bivalvia","Myalinida","Prokopievskiidae","Species","Abiella","","cyclos","","0","","1","0","accepted","","2023-09-14","urn:lsid:marinespecies.org:taxname:1697104","1594859"
"1710621","Abiella elongata","(Khalfin, 1950)","1710621","Abiella elongata","(Khalfin, 1950)","1","Animalia","Mollusca","Bivalvia","Myalinida","Prokopievskiidae","Species","Abiella","","elongata","","0","","1","0","accepted","","2023-10-11","urn:lsid:marinespecies.org:taxname:1710621","1594859"
"1725895","Abiella entis","Papin, 1994","1725895","Abiella entis","Papin, 1994","1","Animalia","Mollusca","Bivalvia","Myalinida","Prokopievskiidae","Species","Abiella","","entis","","0","","1","0","accepted","","2023-12-29","urn:lsid:marinespecies.org:taxname:1725895","1594859"
"1725893","Abiella erunakovi","Papin, 1994","1725893","Abiella erunakovi","Papin, 1994","1","Animalia","Mollusca","Bivalvia","Myalinida","Prokopievskiidae","Species","Abiella","","erunakovi","","0","","1","0","accepted","","2023-12-29","urn:lsid:marinespecies.org:taxname:1725893","1594859"
"1644589","Abiella incerta","Betekhtina, 1966","1644589","Abiella incerta","Betekhtina, 1966","1","Animalia","Mollusca","Bivalvia","Myalinida","Prokopievskiidae","Species","Abiella","","incerta","","0","","1","0","accepted","","2023-02-28","urn:lsid:marinespecies.org:taxname:1644589","1594859"
"1647769","Abiella inulta","Papin, 1996","1647769","Abiella inulta","Papin, 1996","1","Animalia","Mollusca","Bivalvia","Myalinida","Prokopievskiidae","Species","Abiella","","inulta","","0","","1","0","accepted","","2023-03-14","urn:lsid:marinespecies.org:taxname:1647769","1594859"
"1645104","Abiella kasancoviella","(Ragozin, 1964)","1645104","Abiella kasancoviella","(Ragozin, 1964)","1","Animalia","Mollusca","Bivalvia","Myalinida","Prokopievskiidae","Species","Abiella","","kasancoviella","","0","","1","0","accepted","","2023-03-01","urn:lsid:marinespecies.org:taxname:1645104","1594859"
"1645105","Abiella kasankoviella","[sic]","1645104","Abiella kasancoviella","(Ragozin, 1964)","1","Animalia","Mollusca","Bivalvia","Myalinida","Prokopievskiidae","Species","Abiella","","kasankoviella","","0","","1","0","misspelling - incorrect subsequent spelling","","2023-03-01","urn:lsid:marinespecies.org:taxname:1645105","1594859"
"1645217","Abiella kolvae","Kanev, 1983","1645217","Abiella kolvae","Kanev, 1983","1","Animalia","Mollusca","Bivalvia","Myalinida","Prokopievskiidae","Species","Abiella","","kolvae","","0","","1","0","accepted","","2023-10-13","urn:lsid:marinespecies.org:taxname:1645217","1594859"
"1710618","Abiella linguloides","(Khalfin, 1939)","1710618","Abiella linguloides","(Khalfin, 1939)","1","Animalia","Mollusca","Bivalvia","Myalinida","Prokopievskiidae","Species","Abiella","","linguloides","","0","","1","0","accepted","","2023-10-11","urn:lsid:marinespecies.org:taxname:1710618","1594859"
"1725896","Abiella medialis","Papin, 1994","1725896","Abiella medialis","Papin, 1994","1","Animalia","Mollusca","Bivalvia","Myalinida","Prokopievskiidae","Species","Abiella","","medialis","","0","","1","0","accepted","","2023-12-29","urn:lsid:marinespecies.org:taxname:1725896","1594859"
"1644807","Abiella ossinovskiensis","Ragozin, 1939","1647627","Prilukiella (Gramotiella) ossinovskiensis","(Ragozin, 1939)","1","Animalia","Mollusca","Bivalvia","Myalinida","Prokopievskiidae","Species","Abiella","","ossinovskiensis","","0","","1","0","superseded combination","","2023-03-13","urn:lsid:marinespecies.org:taxname:1644807","1594859"
"1647730","Abiella pampura","Papin, 1996","1647730","Abiella pampura","Papin, 1996","1","Animalia","Mollusca","Bivalvia","Myalinida","Prokopievskiidae","Species","Abiella","","pampura","","0","","1","0","accepted","","2023-03-14","urn:lsid:marinespecies.org:taxname:1647730","1594859"
"1710617","Abiella plotnikovskiensis","(Fedotov, 1937)","1697112","Prilukiella plotnikovskiensis","(Fedotov, 1937)","1","Animalia","Mollusca","Bivalvia","Myalinida","Prokopievskiidae","Species","Abiella","","plotnikovskiensis","","0","","1","0","superseded combination","","2023-10-11","urn:lsid:marinespecies.org:taxname:1710617","1594859"
"1644590","Abiella porochovskiensis","Ragozin, 1938","1644590","Abiella porochovskiensis","Ragozin, 1938","1","Animalia","Mollusca","Bivalvia","Myalinida","Prokopievskiidae","Species","Abiella","","porochovskiensis","","0","","1","0","accepted","","2023-02-28","urn:lsid:marinespecies.org:taxname:1644590","1594859"
"1647731","Abiella positiva","Papin, 1996","1647731","Abiella positiva","Papin, 1996","1","Animalia","Mollusca","Bivalvia","Myalinida","Prokopievskiidae","Species","Abiella","","positiva","","0","","1","0","accepted","","2023-03-14","urn:lsid:marinespecies.org:taxname:1647731","1594859"
"1710614","Abiella protumida","(Khalfin, 1950)","1725880","Senderzoniella protumida","(Khalfin, 1950)","1","Animalia","Mollusca","Bivalvia","Myalinida","Prokopievskiidae","Species","Abiella","","protumida","","0","","1","0","superseded combination","","2023-12-29","urn:lsid:marinespecies.org:taxname:1710614","1594859"
"1725891","Abiella ragozini","(Betekhtina, 1988)","1725891","Abiella ragozini","(Betekhtina, 1988)","1","Animalia","Mollusca","Bivalvia","Myalinida","Prokopievskiidae","Species","Abiella","","ragozini","","0","","1","0","accepted","","2023-12-29","urn:lsid:marinespecies.org:taxname:1725891","1594859"
"1644591","Abiella rotunda","Ragozin, 1933","1644591","Abiella rotunda","Ragozin, 1933","1","Animalia","Mollusca","Bivalvia","Myalinida","Prokopievskiidae","Species","Abiella","","rotunda","","0","","1","0","accepted","","2023-02-28","urn:lsid:marinespecies.org:taxname:1644591","1594859"
"1645230","Abiella satura","Kanev, 1994","1645230","Abiella satura","Kanev, 1994","1","Animalia","Mollusca","Bivalvia","Myalinida","Prokopievskiidae","Species","Abiella","","satura","","0","","1","0","accepted","","2023-10-13","urn:lsid:marinespecies.org:taxname:1645230","1594859"
"1725894","Abiella speciosa","Papin, 1994","1725894","Abiella speciosa","Papin, 1994","1","Animalia","Mollusca","Bivalvia","Myalinida","Prokopievskiidae","Species","Abiella","","speciosa","","0","","1","0","accepted","","2023-12-29","urn:lsid:marinespecies.org:taxname:1725894","1594859"
"1644729","Abiella subovata","(T. R. Jones, 1901)","1647601","Prilukiella subovata","(T. R. Jones, 1901)","1","Animalia","Mollusca","Bivalvia","Myalinida","Prokopievskiidae","Species","Abiella","","subovata","","0","","1","0","superseded combination","","2023-03-13","urn:lsid:marinespecies.org:taxname:1644729","1594859"
"1735719","Abiella tomiensis","(Ragozin, 1931)","1697114","Prilukiella tomiensis","(Ragozin, 1931)","1","Animalia","Mollusca","Bivalvia","Myalinida","Prokopievskiidae","Species","Abiella","","tomiensis","","0","","1","0","superseded combination","","2024-02-09","urn:lsid:marinespecies.org:taxname:1735719","1594859"
"1710612","Abiella tschapcoktoensis","(Ragozin, 1964)","1710612","Abiella tschapcoktoensis","(Ragozin, 1964)","1","Animalia","Mollusca","Bivalvia","Myalinida","Prokopievskiidae","Species","Abiella","","tschapcoktoensis","","0","","1","0","accepted","","2023-10-11","urn:lsid:marinespecies.org:taxname:1710612","1594859"
"1644592","Abiella ussovi","Ragozin, 1933","1644592","Abiella ussovi","Ragozin, 1933","1","Animalia","Mollusca","Bivalvia","Myalinida","Prokopievskiidae","Species","Abiella","","ussovi","","0","","1","0","accepted","","2023-02-28","urn:lsid:marinespecies.org:taxname:1644592","1594859"
"1645231","Abiella vana","Kanev, 1994","1645231","Abiella vana","Kanev, 1994","1","Animalia","Mollusca","Bivalvia","Myalinida","Prokopievskiidae","Species","Abiella","","vana","","0","","1","0","accepted","","2023-10-13","urn:lsid:marinespecies.org:taxname:1645231","1594859"
"1697119","Abiella venusta","(Ragozin, 1964)","1697119","Abiella venusta","(Ragozin, 1964)","1","Animalia","Mollusca","Bivalvia","Myalinida","Prokopievskiidae","Species","Abiella","","venusta","","0","","1","0","accepted","","2023-09-14","urn:lsid:marinespecies.org:taxname:1697119","1594859"
"1594857","Abiellinae","Starobogatov, 1970","1594857","Abiellinae","Starobogatov, 1970","1","Animalia","Mollusca","Bivalvia","Myalinida","Prokopievskiidae","Subfamily","","","","","0","0","1","0","accepted","","2022-07-19","urn:lsid:marinespecies.org:taxname:1594857","833129"
"1634475","Abies","Mill.","1634475","Abies","Mill.","0","Plantae","Tracheophyta","Pinopsida","Pinales","Pinaceae","Genus","Abies","","","","","","","1","accepted","","2023-02-02","urn:lsid:marinespecies.org:taxname:1634475","1492698"
"1634476","Abies alba","Mill.","1634476","Abies alba","Mill.","","Plantae","Tracheophyta","Pinopsida","Pinales","Pinaceae","Species","Abies","","alba","","","","","1","accepted","","2023-02-02","urn:lsid:marinespecies.org:taxname:1634476","1634475"
"117225","Abietinaria","Kirchenpauer, 1884","117225","Abietinaria","Kirchenpauer, 1884","","Animalia","Cnidaria","Hydrozoa","Leptothecata","Sertulariidae","Genus","Abietinaria","","","","1","0","0","0","accepted","","2015-10-19","urn:lsid:marinespecies.org:taxname:117225","1614"
"862489","Abietinaria (Abietinaria)","Kirchenpauer, 1884","117225","Abietinaria","Kirchenpauer, 1884","0","Animalia","Cnidaria","Hydrozoa","Leptothecata","Sertulariidae","Subgenus","Abietinaria","Abietinaria","","","1","0","0","0","unaccepted","","2024-08-30","urn:lsid:marinespecies.org:taxname:862489","117225"
"862490","Abietinaria (Semilunaria)","Antsulevich, 2015","117225","Abietinaria","Kirchenpauer, 1884","0","Animalia","Cnidaria","Hydrozoa","Leptothecata","Sertulariidae","Subgenus","Abietinaria","Semilunaria","","","1","0","0","0","unaccepted","","2023-06-27","urn:lsid:marinespecies.org:taxname:862490","117225"
"117870","Abietinaria abietina","(Linnaeus, 1758)","117870","Abietinaria abietina","(Linnaeus, 1758)","","Animalia","Cnidaria","Hydrozoa","Leptothecata","Sertulariidae","Species","Abietinaria","","abietina","","1","","","0","accepted","","2004-12-21","urn:lsid:marinespecies.org:taxname:117870","117225"
"285351","Abietinaria alexanderi","Nutting, 1904","285351","Abietinaria alexanderi","Nutting, 1904","0","Animalia","Cnidaria","Hydrozoa","Leptothecata","Sertulariidae","Species","Abietinaria","","alexanderi","","1","","0","0","accepted","","2009-05-13","urn:lsid:marinespecies.org:taxname:285351","117225"
"285352","Abietinaria alternitheca","(Kudelin, 1914)","285352","Abietinaria alternitheca","(Kudelin, 1914)","","Animalia","Cnidaria","Hydrozoa","Leptothecata","Sertulariidae","Species","Abietinaria","","alternitheca","","1","","","0","accepted","","2010-06-25","urn:lsid:marinespecies.org:taxname:285352","117225"
"285353","Abietinaria amphora","Nutting, 1904","285368","Abietinaria inconstans","(Clark, 1877)","0","Animalia","Cnidaria","Hydrozoa","Leptothecata","Sertulariidae","Species","Abietinaria","","amphora","","1","0","0","0","unaccepted","synonym","2019-07-12","urn:lsid:marinespecies.org:taxname:285353","117225"
"285354","Abietinaria anguina","(Trask, 1857)","285354","Abietinaria anguina","(Trask, 1857)","","Animalia","Cnidaria","Hydrozoa","Leptothecata","Sertulariidae","Species","Abietinaria","","anguina","","1","","","0","accepted","","2010-06-25","urn:lsid:marinespecies.org:taxname:285354","117225"
"285355","Abietinaria annulata","(Kirchenpauer, 1884)","285355","Abietinaria annulata","(Kirchenpauer, 1884)","0","Animalia","Cnidaria","Hydrozoa","Leptothecata","Sertulariidae","Species","Abietinaria","","annulata","","1","0","0","0","accepted","","2019-07-12","urn:lsid:marinespecies.org:taxname:285355","117225"
"835730","Abietinaria arctica","(Allman, 1874)","292661","Sertularia arctica","Allman, 1874","0","Animalia","Cnidaria","Hydrozoa","Leptothecata","Sertulariidae","Species","Abietinaria","","arctica","","1","0","0","0","unaccepted","unaccepted combination","2015-03-16","urn:lsid:marinespecies.org:taxname:835730","117225"
"292380","Abietinaria cartilaginea","Kirchenpauer, 1884","285382","Abietinaria variabilis","(Clark, 1877)","","Animalia","Cnidaria","Hydrozoa","Leptothecata","Sertulariidae","Species","Abietinaria","","cartilaginea","","1","","0","0","unaccepted","synonym","2020-03-22","urn:lsid:marinespecies.org:taxname:292380","117225"
"285356","Abietinaria compressa","(Mereschkowsky, 1878)","285356","Abietinaria compressa","(Mereschkowsky, 1878)","0","Animalia","Cnidaria","Hydrozoa","Leptothecata","Sertulariidae","Species","Abietinaria","","compressa","","1","0","0","0","accepted","","2025-05-01","urn:lsid:marinespecies.org:taxname:285356","117225"
"292376","Abietinaria costata","(Nutting, 1901)","285368","Abietinaria inconstans","(Clark, 1877)","0","Animalia","Cnidaria","Hydrozoa","Leptothecata","Sertulariidae","Species","Abietinaria","","costata","","1","0","0","0","unaccepted","synonym","2020-03-22","urn:lsid:marinespecies.org:taxname:292376","117225"
"285357","Abietinaria crassiparia","Naumov, 1960","285357","Abietinaria crassiparia","Naumov, 1960","","Animalia","Cnidaria","Hydrozoa","Leptothecata","Sertulariidae","Species","Abietinaria","","crassiparia","","1","","","0","accepted","","2010-06-25","urn:lsid:marinespecies.org:taxname:285357","117225"
"285358","Abietinaria cruciformis","Antsulevich, 1987","285358","Abietinaria cruciformis","Antsulevich, 1987","","Animalia","Cnidaria","Hydrozoa","Leptothecata","Sertulariidae","Species","Abietinaria","","cruciformis","","1","","","0","accepted","","2010-06-25","urn:lsid:marinespecies.org:taxname:285358","117225"
"285359","Abietinaria derbeki","(Kudelin, 1913)","285359","Abietinaria derbeki","(Kudelin, 1913)","","Animalia","Cnidaria","Hydrozoa","Leptothecata","Sertulariidae","Species","Abietinaria","","derbeki","","1","","","0","accepted","","2010-07-29","urn:lsid:marinespecies.org:taxname:285359","117225"
"285360","Abietinaria elsaeoswaldae","Stechow, 1923","285360","Abietinaria elsaeoswaldae","Stechow, 1923","0","Animalia","Cnidaria","Hydrozoa","Leptothecata","Sertulariidae","Species","Abietinaria","","elsaeoswaldae","","1","0","0","0","accepted","","2025-04-10","urn:lsid:marinespecies.org:taxname:285360","117225"
"285361","Abietinaria expansa","Fraser, 1938","285361","Abietinaria expansa","Fraser, 1938","0","Animalia","Cnidaria","Hydrozoa","Leptothecata","Sertulariidae","Species","Abietinaria","","expansa","","1","0","0","0","accepted","","2009-06-09","urn:lsid:marinespecies.org:taxname:285361","117225"
"117871","Abietinaria filicula","(Ellis & Solander, 1786)","117871","Abietinaria filicula","(Ellis & Solander, 1786)","","Animalia","Cnidaria","Hydrozoa","Leptothecata","Sertulariidae","Species","Abietinaria","","filicula","","1","","","0","accepted","","2004-12-21","urn:lsid:marinespecies.org:taxname:117871","117225"
"285362","Abietinaria fusca","(Johnston, 1847)","285362","Abietinaria fusca","(Johnston, 1847)","0","Animalia","Cnidaria","Hydrozoa","Leptothecata","Sertulariidae","Species","Abietinaria","","fusca","","1","0","0","0","accepted","","2019-07-12","urn:lsid:marinespecies.org:taxname:285362","117225"
"285363","Abietinaria gagarae","Naumov, 1960","285363","Abietinaria gagarae","Naumov, 1960","","Animalia","Cnidaria","Hydrozoa","Leptothecata","Sertulariidae","Species","Abietinaria","","gagarae","","1","","","0","accepted","","2010-06-25","urn:lsid:marinespecies.org:taxname:285363","117225"
"285364","Abietinaria gigantea","(Clark, 1877)","285364","Abietinaria gigantea","(Clark, 1877)","0","Animalia","Cnidaria","Hydrozoa","Leptothecata","Sertulariidae","Species","Abietinaria","","gigantea","","1","0","0","0","accepted","","2009-06-09","urn:lsid:marinespecies.org:taxname:285364","117225"
"285365","Abietinaria gracilis","Nutting, 1904","285365","Abietinaria gracilis","Nutting, 1904","","Animalia","Cnidaria","Hydrozoa","Leptothecata","Sertulariidae","Species","Abietinaria","","gracilis","","1","","","0","accepted","","2010-06-25","urn:lsid:marinespecies.org:taxname:285365","117225"
"285366","Abietinaria greenei","(Murray, 1860)","1358362","Amphisbetia greenei","(Murray, 1860)","0","Animalia","Cnidaria","Hydrozoa","Leptothecata","Sertulariidae","Species","Abietinaria","","greenei","","1","0","0","0","unaccepted","genus transfer","2019-07-12","urn:lsid:marinespecies.org:taxname:285366","117225"
"285367","Abietinaria immersa","Vervoort, 1993","285367","Abietinaria immersa","Vervoort, 1993","","Animalia","Cnidaria","Hydrozoa","Leptothecata","Sertulariidae","Species","Abietinaria","","immersa","","1","","","0","accepted","","2010-06-25","urn:lsid:marinespecies.org:taxname:285367","117225"
"285368","Abietinaria inconstans","(Clark, 1877)","285368","Abietinaria inconstans","(Clark, 1877)","0","Animalia","Cnidaria","Hydrozoa","Leptothecata","Sertulariidae","Species","Abietinaria","","inconstans","","1","0","0","0","accepted","","2019-07-12","urn:lsid:marinespecies.org:taxname:285368","117225"
"117872","Abietinaria interversa","(Pictet & Bedot, 1900)","117872","Abietinaria interversa","(Pictet & Bedot, 1900)","0","Animalia","Cnidaria","Hydrozoa","Leptothecata","Sertulariidae","Species","Abietinaria","","interversa","","1","0","0","0","accepted","","2019-07-12","urn:lsid:marinespecies.org:taxname:117872","117225"
"285369","Abietinaria juniperus","Kirchenpauer, 1884","285369","Abietinaria juniperus","Kirchenpauer, 1884","","Animalia","Cnidaria","Hydrozoa","Leptothecata","Sertulariidae","Species","Abietinaria","","juniperus","","1","","","0","accepted","","2010-06-25","urn:lsid:marinespecies.org:taxname:285369","117225"
"285370","Abietinaria kincaidi","(Nutting, 1901)","285370","Abietinaria kincaidi","(Nutting, 1901)","","Animalia","Cnidaria","Hydrozoa","Leptothecata","Sertulariidae","Species","Abietinaria","","kincaidi","","1","","","0","accepted","","2010-03-15","urn:lsid:marinespecies.org:taxname:285370","117225"
"397385","Abietinaria koltuni","Naumov, 1960","231757","Abietinaria thuiarioides","(Clark, 1877)","0","Animalia","Cnidaria","Hydrozoa","Leptothecata","Sertulariidae","Species","Abietinaria","","koltuni","","1","0","0","0","unaccepted","synonym","2019-07-12","urn:lsid:marinespecies.org:taxname:397385","117225"
"292374","Abietinaria labrata","(Murray, 1860)","285354","Abietinaria anguina","(Trask, 1857)","0","Animalia","Cnidaria","Hydrozoa","Leptothecata","Sertulariidae","Species","Abietinaria","","labrata","","1","0","0","0","unaccepted","synonym","2024-02-03","urn:lsid:marinespecies.org:taxname:292374","117225"
"285371","Abietinaria laevimarginata","(Ritchie, 1907)","285371","Abietinaria laevimarginata","(Ritchie, 1907)","0","Animalia","Cnidaria","Hydrozoa","Leptothecata","Sertulariidae","Species","Abietinaria","","laevimarginata","","1","0","0","0","accepted","","2019-07-12","urn:lsid:marinespecies.org:taxname:285371","117225"
"285372","Abietinaria macrotheca","Naumov, 1960","285372","Abietinaria macrotheca","Naumov, 1960","","Animalia","Cnidaria","Hydrozoa","Leptothecata","Sertulariidae","Species","Abietinaria","","macrotheca","","1","","","0","accepted","","2010-06-25","urn:lsid:marinespecies.org:taxname:285372","117225"
"285373","Abietinaria melo","Kirchenpauer, 1884","285373","Abietinaria melo","Kirchenpauer, 1884","","Animalia","Cnidaria","Hydrozoa","Leptothecata","Sertulariidae","Species","Abietinaria","","melo","","1","","","0","accepted","","2010-06-25","urn:lsid:marinespecies.org:taxname:285373","117225"
"285374","Abietinaria merkii","Kirchenpauer, 1884","285374","Abietinaria merkii","Kirchenpauer, 1884","","Animalia","Cnidaria","Hydrozoa","Leptothecata","Sertulariidae","Species","Abietinaria","","merkii","","1","","","0","accepted","","2010-06-25","urn:lsid:marinespecies.org:taxname:285374","117225"
"285375","Abietinaria pacifica","Stechow, 1923","285360","Abietinaria elsaeoswaldae","Stechow, 1923","0","Animalia","Cnidaria","Hydrozoa","Leptothecata","Sertulariidae","Species","Abietinaria","","pacifica","","1","0","0","0","junior objective synonym","","2025-04-10","urn:lsid:marinespecies.org:taxname:285375","117225"
"117873","Abietinaria pulchra","(Nutting, 1904)","117873","Abietinaria pulchra","(Nutting, 1904)","0","Animalia","Cnidaria","Hydrozoa","Leptothecata","Sertulariidae","Species","Abietinaria","","pulchra","","1","0","0","0","accepted","","2024-02-03","urn:lsid:marinespecies.org:taxname:117873","117225"
"285376","Abietinaria raritheca","Naumov, 1960","285376","Abietinaria raritheca","Naumov, 1960","","Animalia","Cnidaria","Hydrozoa","Leptothecata","Sertulariidae","Species","Abietinaria","","raritheca","","1","","","0","accepted","","2010-06-25","urn:lsid:marinespecies.org:taxname:285376","117225"
"285377","Abietinaria rigida","Fraser, 1911","285377","Abietinaria rigida","Fraser, 1911","","Animalia","Cnidaria","Hydrozoa","Leptothecata","Sertulariidae","Species","Abietinaria","","rigida","","1","","","0","accepted","","2010-06-25","urn:lsid:marinespecies.org:taxname:285377","117225"
"285378","Abietinaria smirnowi","(Kudelin, 1914)","285378","Abietinaria smirnowi","(Kudelin, 1914)","0","Animalia","Cnidaria","Hydrozoa","Leptothecata","Sertulariidae","Species","Abietinaria","","smirnowi","","1","0","0","0","accepted","","2019-07-12","urn:lsid:marinespecies.org:taxname:285378","117225"
"285379","Abietinaria spiralis","Naumov, 1960","285379","Abietinaria spiralis","Naumov, 1960","","Animalia","Cnidaria","Hydrozoa","Leptothecata","Sertulariidae","Species","Abietinaria","","spiralis","","1","","","0","accepted","","2010-06-25","urn:lsid:marinespecies.org:taxname:285379","117225"
"231757","Abietinaria thuiarioides","(Clark, 1877)","231757","Abietinaria thuiarioides","(Clark, 1877)","0","Animalia","Cnidaria","Hydrozoa","Leptothecata","Sertulariidae","Species","Abietinaria","","thuiarioides","","1","0","0","0","accepted","","2019-07-12","urn:lsid:marinespecies.org:taxname:231757","117225"
"285751","Abietinaria thujarioides","(Clark, 1877)","231757","Abietinaria thuiarioides","(Clark, 1877)","0","Animalia","Cnidaria","Hydrozoa","Leptothecata","Sertulariidae","Species","Abietinaria","","thujarioides","","1","0","0","0","unaccepted","spelling mistake","2023-07-08","urn:lsid:marinespecies.org:taxname:285751","117225"
"397384","Abietinaria tilesii","Kirchenpauer, 1884","285354","Abietinaria anguina","(Trask, 1857)","0","Animalia","Cnidaria","Hydrozoa","Leptothecata","Sertulariidae","Species","Abietinaria","","tilesii","","1","0","0","0","unaccepted","synonym","2024-02-03","urn:lsid:marinespecies.org:taxname:397384","117225"
"285380","Abietinaria traski","(Torrey, 1902)","285380","Abietinaria traski","(Torrey, 1902)","0","Animalia","Cnidaria","Hydrozoa","Leptothecata","Sertulariidae","Species","Abietinaria","","traski","","1","0","0","0","accepted","","2019-07-12","urn:lsid:marinespecies.org:taxname:285380","117225"
"285381","Abietinaria trigona","Antsulevich, 1987","285381","Abietinaria trigona","Antsulevich, 1987","","Animalia","Cnidaria","Hydrozoa","Leptothecata","Sertulariidae","Species","Abietinaria","","trigona","","1","","","0","accepted","","2010-06-25","urn:lsid:marinespecies.org:taxname:285381","117225"
"157609","Abietinaria turgida","(Clark, 1877)","157609","Abietinaria turgida","(Clark, 1877)","0","Animalia","Cnidaria","Hydrozoa","Leptothecata","Sertulariidae","Species","Abietinaria","","turgida","","0","0","","0","accepted","","2019-07-12","urn:lsid:marinespecies.org:taxname:157609","117225"
"292378","Abietinaria urceolus","Naumov, 1960","285364","Abietinaria gigantea","(Clark, 1877)","","Animalia","Cnidaria","Hydrozoa","Leptothecata","Sertulariidae","Species","Abietinaria","","urceolus","","1","","","0","unaccepted","synonym","2010-06-25","urn:lsid:marinespecies.org:taxname:292378","117225"
"285382","Abietinaria variabilis","(Clark, 1877)","285382","Abietinaria variabilis","(Clark, 1877)","0","Animalia","Cnidaria","Hydrozoa","Leptothecata","Sertulariidae","Species","Abietinaria","","variabilis","","1","0","0","0","accepted","","2023-11-14","urn:lsid:marinespecies.org:taxname:285382","117225"
"231555","Abietinella","Levinsen, 1913","231555","Abietinella","Levinsen, 1913","0","Animalia","Cnidaria","Hydrozoa","Leptothecata","Zygophylacidae","Genus","Abietinella","","","","1","0","0","0","accepted","","2024-02-04","urn:lsid:marinespecies.org:taxname:231555","955661"
"231588","Abietinella operculata","(Jäderholm, 1903)","231588","Abietinella operculata","(Jäderholm, 1903)","0","Animalia","Cnidaria","Hydrozoa","Leptothecata","Zygophylacidae","Species","Abietinella","","operculata","","1","","0","0","accepted","","2015-04-14","urn:lsid:marinespecies.org:taxname:231588","231555"
"184558","Abila","Gray, 1867","168128","Raspailia (Raspailia)","Nardo, 1833","","Animalia","Porifera","Demospongiae","Axinellida","Raspailiidae","Genus","Abila","","","","1","0","0","0","unaccepted","preoccupied","2006-02-08","urn:lsid:marinespecies.org:taxname:184558","168004"
"189797","Abila freyerii","(Schmidt, 1862)","133154","Raspailia (Raspailia) viminalis","Schmidt, 1862","0","Animalia","Porifera","Demospongiae","Axinellida","Raspailiidae","Species","Abila","","freyerii","","1","0","0","0","unaccepted","reverted genus transfer","2008-03-16","urn:lsid:marinespecies.org:taxname:189797","184558"
"1675209","Abildgaardia","Vahl","1675209","Abildgaardia","Vahl","","Plantae","Tracheophyta","Magnoliopsida","Poales","Cyperaceae","Genus","Abildgaardia","","","","","","","1","accepted","","2024-10-07","urn:lsid:marinespecies.org:taxname:1675209","1714080"
"1683516","Abildgaardia abbreviata","Lye","1678645","Bulbostylis abbreviata","(Lye) Lye","","Plantae","Tracheophyta","Magnoliopsida","Poales","Cyperaceae","Species","Abildgaardia","","abbreviata","","","","","1","unaccepted","","2024-12-10","urn:lsid:marinespecies.org:taxname:1683516","1675209"
"1683518","Abildgaardia abortiva","(Steud.) Lye","1678646","Bulbostylis abortiva","(Steud.) C.B.Clarke","","Plantae","Tracheophyta","Magnoliopsida","Poales","Cyperaceae","Species","Abildgaardia","","abortiva","","","","","1","unaccepted","","2024-12-10","urn:lsid:marinespecies.org:taxname:1683518","1675209"
"1683524","Abildgaardia acutespicata","Lye","1678647","Bulbostylis acutispicata","(Lye) Lye","","Plantae","Tracheophyta","Magnoliopsida","Poales","Cyperaceae","Species","Abildgaardia","","acutespicata","","","","","1","unaccepted","","2024-12-10","urn:lsid:marinespecies.org:taxname:1683524","1675209"
"1682990","Abildgaardia acutispicata","Lye","1678647","Bulbostylis acutispicata","(Lye) Lye","","Plantae","Tracheophyta","Magnoliopsida","Poales","Cyperaceae","Species","Abildgaardia","","acutispicata","","","","","1","unaccepted","","2024-12-10","urn:lsid:marinespecies.org:taxname:1682990","1675209"
"1683526","Abildgaardia afroorientalis","Lye","1678649","Bulbostylis afroorientalis","(Lye) R.W.Haines","","Plantae","Tracheophyta","Magnoliopsida","Poales","Cyperaceae","Species","Abildgaardia","","afroorientalis","","","","","1","unaccepted","","2024-12-10","urn:lsid:marinespecies.org:taxname:1683526","1675209"
"1683531","Abildgaardia angustispicata","Lye","1678656","Bulbostylis angustispicata","(Lye) Verdc.","","Plantae","Tracheophyta","Magnoliopsida","Poales","Cyperaceae","Species","Abildgaardia","","angustispicata","","","","","1","unaccepted","","2024-12-10","urn:lsid:marinespecies.org:taxname:1683531","1675209"
"1689205","Abildgaardia aphylla","Kunth","1679963","Fimbristylis bahiensis","Steud.","","Plantae","Tracheophyta","Magnoliopsida","Poales","Cyperaceae","Species","Abildgaardia","","aphylla","","","","","1","unaccepted","","2024-12-10","urn:lsid:marinespecies.org:taxname:1689205","1675209"
"1683532","Abildgaardia argentobrunnea","(C.B.Clarke) Lye","1678658","Bulbostylis argenteobrunea","C.B.Clarke","","Plantae","Tracheophyta","Magnoliopsida","Poales","Cyperaceae","Species","Abildgaardia","","argentobrunnea","","","","","1","unaccepted","","2024-12-10","urn:lsid:marinespecies.org:taxname:1683532","1675209"
"1689206","Abildgaardia baeothryon","A.St.-Hil.","1679963","Fimbristylis bahiensis","Steud.","","Plantae","Tracheophyta","Magnoliopsida","Poales","Cyperaceae","Species","Abildgaardia","","baeothryon","","","","","1","unaccepted","","2024-12-10","urn:lsid:marinespecies.org:taxname:1689206","1675209"
"1683542","Abildgaardia barbata","(Rottb.) P.Beauv.","1678664","Bulbostylis barbata","(Rottb.) C.B.Clarke","","Plantae","Tracheophyta","Magnoliopsida","Poales","Cyperaceae","Species","Abildgaardia","","barbata","","","","","1","unaccepted","","2024-12-10","urn:lsid:marinespecies.org:taxname:1683542","1675209"
"1683584","Abildgaardia boeckeleriana","(Schweinf.) Lye","1678668","Bulbostylis boeckeleriana","(Schweinf.) Beetle","","Plantae","Tracheophyta","Magnoliopsida","Poales","Cyperaceae","Species","Abildgaardia","","boeckeleriana","","","","","1","unaccepted","","2024-12-10","urn:lsid:marinespecies.org:taxname:1683584","1675209"
"1704307","Abildgaardia boeckeleriana var. transiens","(K.Schum.) Lye","1678668","Bulbostylis boeckeleriana","(Schweinf.) Beetle","","Plantae","Tracheophyta","Magnoliopsida","Poales","Cyperaceae","Variety","Abildgaardia","","boeckeleriana","","","","","1","unaccepted","","2024-12-10","urn:lsid:marinespecies.org:taxname:1704307","1683584"
"1689152","Abildgaardia brevifolia","Steud.","1679939","Fimbristylis acicularis","R.Br.","","Plantae","Tracheophyta","Magnoliopsida","Poales","Cyperaceae","Species","Abildgaardia","","brevifolia","","","","","1","unaccepted","","2024-12-10","urn:lsid:marinespecies.org:taxname:1689152","1675209"
"1683598","Abildgaardia buchananii","(C.B.Clarke) Lye","1678675","Bulbostylis buchananii","C.B.Clarke","","Plantae","Tracheophyta","Magnoliopsida","Poales","Cyperaceae","Species","Abildgaardia","","buchananii","","","","","1","unaccepted","","2024-12-10","urn:lsid:marinespecies.org:taxname:1683598","1675209"
"1683601","Abildgaardia burchellii","(Ficalho & Hiern) Lye","1678678","Bulbostylis burchellii","(Ficalho & Hiern) C.B.Clarke","","Plantae","Tracheophyta","Magnoliopsida","Poales","Cyperaceae","Species","Abildgaardia","","burchellii","","","","","1","unaccepted","","2024-12-10","urn:lsid:marinespecies.org:taxname:1683601","1675209"
"1683604","Abildgaardia capillaris","(L.) Lye","1678680","Bulbostylis capillaris","(L.) Kunth ex C.B.Clarke","","Plantae","Tracheophyta","Magnoliopsida","Poales","Cyperaceae","Species","Abildgaardia","","capillaris","","","","","1","unaccepted","","2024-12-10","urn:lsid:marinespecies.org:taxname:1683604","1675209"
"1683635","Abildgaardia capitata","Lye","1678681","Bulbostylis capitata","(Lye) Lye","","Plantae","Tracheophyta","Magnoliopsida","Poales","Cyperaceae","Species","Abildgaardia","","capitata","","","","","1","unaccepted","","2024-12-10","urn:lsid:marinespecies.org:taxname:1683635","1675209"
"1683636","Abildgaardia cardiocarpoides","(Cherm.) Lye","1678684","Bulbostylis cardiocarpoides","Cherm.","","Plantae","Tracheophyta","Magnoliopsida","Poales","Cyperaceae","Species","Abildgaardia","","cardiocarpoides","","","","","1","unaccepted","","2024-12-10","urn:lsid:marinespecies.org:taxname:1683636","1675209"
"1681968","Abildgaardia chinensis","Gand.","","","","","Plantae","Tracheophyta","Magnoliopsida","Poales","Cyperaceae","Species","Abildgaardia","","chinensis","","","","","1","unassessed","","2024-12-10","urn:lsid:marinespecies.org:taxname:1681968","1675209"
"1689234","Abildgaardia cinnamometorum","(Vahl) Thwaites","1679992","Fimbristylis cinnamometorum","(Vahl) Kunth","","Plantae","Tracheophyta","Magnoliopsida","Poales","Cyperaceae","Species","Abildgaardia","","cinnamometorum","","","","","1","unaccepted","","2024-12-10","urn:lsid:marinespecies.org:taxname:1689234","1675209"
"1683654","Abildgaardia clarkeana","(Hutch. ex Bodard) Lye","1678688","Bulbostylis clarkeana","Hutch. ex Bodard","","Plantae","Tracheophyta","Magnoliopsida","Poales","Cyperaceae","Species","Abildgaardia","","clarkeana","","","","","1","unaccepted","","2024-12-10","urn:lsid:marinespecies.org:taxname:1683654","1675209"
"1683655","Abildgaardia coleotricha","(Hochst. ex A.Rich.) Lye","1678689","Bulbostylis coleotricha","(Hochst. ex A.Rich.) C.B.Clarke","","Plantae","Tracheophyta","Magnoliopsida","Poales","Cyperaceae","Species","Abildgaardia","","coleotricha","","","","","1","unaccepted","","2024-12-10","urn:lsid:marinespecies.org:taxname:1683655","1675209"
"1707257","Abildgaardia coleotricha var. miegei","(Bodard) Lye","1702541","Bulbostylis coleotricha var. miegei","(Bodard) R.W.Haines","","Plantae","Tracheophyta","Magnoliopsida","Poales","Cyperaceae","Variety","Abildgaardia","","coleotricha","","","","","1","unaccepted","","2024-12-10","urn:lsid:marinespecies.org:taxname:1707257","1683655"
"1683961","Abildgaardia collina","(Ridl.) Lye","1680326","Bulbostylis scabricaulis","Cherm.","","Plantae","Tracheophyta","Magnoliopsida","Poales","Cyperaceae","Species","Abildgaardia","","collina","","","","","1","unaccepted","","2024-12-10","urn:lsid:marinespecies.org:taxname:1683961","1675209"
"1683315","Abildgaardia compressa","J.Presl & C.Presl","1678610","Abildgaardia ovata","(Burm.f.) Kral","","Plantae","Tracheophyta","Magnoliopsida","Poales","Cyperaceae","Species","Abildgaardia","","compressa","","","","","1","unaccepted","","2024-12-10","urn:lsid:marinespecies.org:taxname:1683315","1675209"
"1683663","Abildgaardia congolensis","(De Wild.) Lye","1678692","Bulbostylis congolensis","De Wild.","","Plantae","Tracheophyta","Magnoliopsida","Poales","Cyperaceae","Species","Abildgaardia","","congolensis","","","","","1","unaccepted","","2024-12-10","urn:lsid:marinespecies.org:taxname:1683663","1675209"
"1683679","Abildgaardia contexta","(Nees) Lye","1678698","Bulbostylis contexta","(Nees) Bodard","","Plantae","Tracheophyta","Magnoliopsida","Poales","Cyperaceae","Species","Abildgaardia","","contexta","","","","","1","unaccepted","","2024-12-10","urn:lsid:marinespecies.org:taxname:1683679","1675209"
"1683696","Abildgaardia cruciformis","Lye","1678701","Bulbostylis cruciformis","(Lye) R.W.Haines","","Plantae","Tracheophyta","Magnoliopsida","Poales","Cyperaceae","Species","Abildgaardia","","cruciformis","","","","","1","unaccepted","","2024-12-10","urn:lsid:marinespecies.org:taxname:1683696","1675209"
"1689539","Abildgaardia cyperoides","(J.Presl & C.Presl) Nees & Meyen","1680039","Fimbristylis fusca","(Nees) Benth. ex C.B.Clarke","","Plantae","Tracheophyta","Magnoliopsida","Poales","Cyperaceae","Species","Abildgaardia","","cyperoides","","","","","1","unaccepted","","2024-12-10","urn:lsid:marinespecies.org:taxname:1689539","1675209"
"1683699","Abildgaardia densa","(Wall.) Lye","1678707","Bulbostylis densa","(Wall.) Hand.-Mazz.","","Plantae","Tracheophyta","Magnoliopsida","Poales","Cyperaceae","Species","Abildgaardia","","densa","","","","","1","unaccepted","","2024-12-10","urn:lsid:marinespecies.org:taxname:1683699","1675209"
"1703155","Abildgaardia densa subsp. afromontana","Lye","1699497","Bulbostylis densa subsp. afromontana","(Lye) R.W.Haines","","Plantae","Tracheophyta","Magnoliopsida","Poales","Cyperaceae","Subspecies","Abildgaardia","","densa","afromontana","","","","1","unaccepted","","2024-12-10","urn:lsid:marinespecies.org:taxname:1703155","1683699"
"1683714","Abildgaardia densicaespitosa","Lye","1678708","Bulbostylis densicaespitosa","(Lye) R.W.Haines","","Plantae","Tracheophyta","Magnoliopsida","Poales","Cyperaceae","Species","Abildgaardia","","densicaespitosa","","","","","1","unaccepted","","2024-12-10","urn:lsid:marinespecies.org:taxname:1683714","1675209"
"1683715","Abildgaardia densiflora","Lye","1678709","Bulbostylis densiflora","(Lye) Lye","","Plantae","Tracheophyta","Magnoliopsida","Poales","Cyperaceae","Species","Abildgaardia","","densiflora","","","","","1","unaccepted","","2024-12-10","urn:lsid:marinespecies.org:taxname:1683715","1675209"
"1683716","Abildgaardia disticha","Lye","1678710","Bulbostylis distichoides","Lye","","Plantae","Tracheophyta","Magnoliopsida","Poales","Cyperaceae","Species","Abildgaardia","","disticha","","","","","1","unaccepted","","2025-01-10","urn:lsid:marinespecies.org:taxname:1683716","1675209"
"1683720","Abildgaardia elegantissima","Lye","1678712","Bulbostylis elegantissima","(Lye) R.W.Haines","","Plantae","Tracheophyta","Magnoliopsida","Poales","Cyperaceae","Species","Abildgaardia","","elegantissima","","","","","1","unaccepted","","2024-12-10","urn:lsid:marinespecies.org:taxname:1683720","1675209"
"1689463","Abildgaardia eragrostis","Nees","1680026","Fimbristylis eragrostis","(Nees) Hance","","Plantae","Tracheophyta","Magnoliopsida","Poales","Cyperaceae","Species","Abildgaardia","","eragrostis","","","","","1","unaccepted","","2024-12-10","urn:lsid:marinespecies.org:taxname:1689463","1675209"
"1683978","Abildgaardia erratica","(Hook.f.) Lye","1680330","Bulbostylis schoenoides","(Kunth) C.B.Clarke","","Plantae","Tracheophyta","Magnoliopsida","Poales","Cyperaceae","Species","Abildgaardia","","erratica","","","","","1","unaccepted","","2024-12-10","urn:lsid:marinespecies.org:taxname:1683978","1675209"
"1703171","Abildgaardia erratica subsp. schoenoides","(Kunth) Lye","1680330","Bulbostylis schoenoides","(Kunth) C.B.Clarke","","Plantae","Tracheophyta","Magnoliopsida","Poales","Cyperaceae","Subspecies","Abildgaardia","","erratica","schoenoides","","","","1","unaccepted","","2024-12-10","urn:lsid:marinespecies.org:taxname:1703171","1683978"
"1683723","Abildgaardia festucoides","(Poir.) Lye","1678718","Bulbostylis festucoides","(Poir.) C.B.Clarke","","Plantae","Tracheophyta","Magnoliopsida","Poales","Cyperaceae","Species","Abildgaardia","","festucoides","","","","","1","unaccepted","","2024-12-10","urn:lsid:marinespecies.org:taxname:1683723","1675209"
"1683728","Abildgaardia filamentosa","(Vahl) Lye","1678719","Bulbostylis filamentosa","(Vahl) C.B.Clarke","","Plantae","Tracheophyta","Magnoliopsida","Poales","Cyperaceae","Species","Abildgaardia","","filamentosa","","","","","1","unaccepted","","2024-12-10","urn:lsid:marinespecies.org:taxname:1683728","1675209"
"1707317","Abildgaardia filamentosa var. holubii","(C.B.Clarke) Lye","1680326","Bulbostylis scabricaulis","Cherm.","","Plantae","Tracheophyta","Magnoliopsida","Poales","Cyperaceae","Variety","Abildgaardia","","filamentosa","","","","","1","unaccepted","","2024-12-10","urn:lsid:marinespecies.org:taxname:1707317","1683728"
"1707275","Abildgaardia filamentosa var. metralis","(Cherm.) Lye","1678719","Bulbostylis filamentosa","(Vahl) C.B.Clarke","","Plantae","Tracheophyta","Magnoliopsida","Poales","Cyperaceae","Variety","Abildgaardia","","filamentosa","","","","","1","unaccepted","","2024-12-10","urn:lsid:marinespecies.org:taxname:1707275","1683728"
"1689527","Abildgaardia fimbristyloides","F.Muell.","1680034","Fimbristylis fimbristyloides","(F.Muell.) Druce","","Plantae","Tracheophyta","Magnoliopsida","Poales","Cyperaceae","Species","Abildgaardia","","fimbristyloides","","","","","1","unaccepted","","2024-12-10","urn:lsid:marinespecies.org:taxname:1689527","1675209"
"1689532","Abildgaardia fulvescens","Thwaites","1680037","Fimbristylis fulvescens","(Thwaites) Thwaites","","Plantae","Tracheophyta","Magnoliopsida","Poales","Cyperaceae","Species","Abildgaardia","","fulvescens","","","","","1","unaccepted","","2024-12-10","urn:lsid:marinespecies.org:taxname:1689532","1675209"
"1689540","Abildgaardia fusca","Nees","1680039","Fimbristylis fusca","(Nees) Benth. ex C.B.Clarke","","Plantae","Tracheophyta","Magnoliopsida","Poales","Cyperaceae","Species","Abildgaardia","","fusca","","","","","1","unaccepted","","2024-12-10","urn:lsid:marinespecies.org:taxname:1689540","1675209"
"1706155","Abildgaardia fusca var. longifolia","Boeckeler","1680037","Fimbristylis fulvescens","(Thwaites) Thwaites","","Plantae","Tracheophyta","Magnoliopsida","Poales","Cyperaceae","Variety","Abildgaardia","","fusca","","","","","1","unaccepted","","2024-12-10","urn:lsid:marinespecies.org:taxname:1706155","1689540"
"1678606","Abildgaardia fusiformis","(Wangwasit & D.A.Simpson) Larridon","1678606","Abildgaardia fusiformis","(Wangwasit & D.A.Simpson) Larridon","","Plantae","Tracheophyta","Magnoliopsida","Poales","Cyperaceae","Species","Abildgaardia","","fusiformis","","","","","1","accepted","","2024-12-11","urn:lsid:marinespecies.org:taxname:1678606","1675209"
"1682528","Abildgaardia geminata","Schrad. ex Nees","","","","","Plantae","Tracheophyta","Magnoliopsida","Poales","Cyperaceae","Species","Abildgaardia","","geminata","","","","","1","unassessed","","2024-12-10","urn:lsid:marinespecies.org:taxname:1682528","1675209"
"1683754","Abildgaardia glaberrima","(Kük.) Lye","1678728","Bulbostylis glaberrima","Kük.","","Plantae","Tracheophyta","Magnoliopsida","Poales","Cyperaceae","Species","Abildgaardia","","glaberrima","","","","","1","unaccepted","","2024-12-10","urn:lsid:marinespecies.org:taxname:1683754","1675209"
"1683755","Abildgaardia hensii","(C.B.Clarke) Lye","1678732","Bulbostylis hensii","(C.B.Clarke) R.W.Haines","","Plantae","Tracheophyta","Magnoliopsida","Poales","Cyperaceae","Species","Abildgaardia","","hensii","","","","","1","unaccepted","","2024-12-10","urn:lsid:marinespecies.org:taxname:1683755","1675209"
"1683759","Abildgaardia heterostachya","(Cherm.) Lye","1678733","Bulbostylis heterostachya","Cherm.","","Plantae","Tracheophyta","Magnoliopsida","Poales","Cyperaceae","Species","Abildgaardia","","heterostachya","","","","","1","unaccepted","","2024-12-10","urn:lsid:marinespecies.org:taxname:1683759","1675209"
"1683760","Abildgaardia hispidula","(Vahl) Lye","1678734","Bulbostylis hispidula","(Vahl) R.W.Haines","","Plantae","Tracheophyta","Magnoliopsida","Poales","Cyperaceae","Species","Abildgaardia","","hispidula","","","","","1","unaccepted","","2024-12-10","urn:lsid:marinespecies.org:taxname:1683760","1675209"
"1703159","Abildgaardia hispidula subsp. brachyphylla","(Cherm.) Lye","1699520","Bulbostylis hispidula subsp. brachyphylla","(Cherm.) R.W.Haines","","Plantae","Tracheophyta","Magnoliopsida","Poales","Cyperaceae","Subspecies","Abildgaardia","","hispidula","brachyphylla","","","","1","unaccepted","","2024-12-10","urn:lsid:marinespecies.org:taxname:1703159","1683760"
"1703161","Abildgaardia hispidula subsp. filiformis","(C.B.Clarke) Lye","1699503","Bulbostylis hispidula subsp. filiformis","(C.B.Clarke) R.W.Haines","","Plantae","Tracheophyta","Magnoliopsida","Poales","Cyperaceae","Subspecies","Abildgaardia","","hispidula","filiformis","","","","1","unaccepted","","2024-12-10","urn:lsid:marinespecies.org:taxname:1703161","1683760"
"1703162","Abildgaardia hispidula subsp. halophila","Lye","1699504","Bulbostylis hispidula subsp. halophila","(Lye) R.W.Haines","","Plantae","Tracheophyta","Magnoliopsida","Poales","Cyperaceae","Subspecies","Abildgaardia","","hispidula","halophila","","","","1","unaccepted","","2024-12-10","urn:lsid:marinespecies.org:taxname:1703162","1683760"
"1703163","Abildgaardia hispidula subsp. intermedia","Lye","1699522","Bulbostylis hispidula subsp. intermedia","(Lye) R.W.Haines","","Plantae","Tracheophyta","Magnoliopsida","Poales","Cyperaceae","Subspecies","Abildgaardia","","hispidula","intermedia","","","","1","unaccepted","","2024-12-10","urn:lsid:marinespecies.org:taxname:1703163","1683760"
"1703164","Abildgaardia hispidula subsp. longespicata","(Lye) J.-P.Lebrun & Stork","1699523","Bulbostylis hispidula subsp. longespicata","Lye","","Plantae","Tracheophyta","Magnoliopsida","Poales","Cyperaceae","Subspecies","Abildgaardia","","hispidula","longespicata","","","","1","unaccepted","","2024-12-10","urn:lsid:marinespecies.org:taxname:1703164","1683760"
"1703165","Abildgaardia hispidula subsp. macroglumis","(Lye) J.-P.Lebrun & Stork","1699524","Bulbostylis hispidula subsp. macroglumis","Lye","","Plantae","Tracheophyta","Magnoliopsida","Poales","Cyperaceae","Subspecies","Abildgaardia","","hispidula","macroglumis","","","","1","unaccepted","","2024-12-10","urn:lsid:marinespecies.org:taxname:1703165","1683760"
"1703166","Abildgaardia hispidula subsp. pyriformis","(Lye) Lye","1699525","Bulbostylis hispidula subsp. pyriformis","(Lye) R.W.Haines","","Plantae","Tracheophyta","Magnoliopsida","Poales","Cyperaceae","Subspecies","Abildgaardia","","hispidula","pyriformis","","","","1","unaccepted","","2024-12-10","urn:lsid:marinespecies.org:taxname:1703166","1683760"
"1703167","Abildgaardia hispidula subsp. senegalensis","(Cherm.) J.-P.Lebrun & Stork","1699526","Bulbostylis hispidula subsp. senegalensis","(Cherm.) Vanden Berghen","","Plantae","Tracheophyta","Magnoliopsida","Poales","Cyperaceae","Subspecies","Abildgaardia","","hispidula","senegalensis","","","","1","unaccepted","","2024-12-10","urn:lsid:marinespecies.org:taxname:1703167","1683760"
"1707281","Abildgaardia hispidula var. filiformis","(C.B.Clarke) Lye","1699503","Bulbostylis hispidula subsp. filiformis","(C.B.Clarke) R.W.Haines","","Plantae","Tracheophyta","Magnoliopsida","Poales","Cyperaceae","Variety","Abildgaardia","","hispidula","","","","","1","unaccepted","","2024-12-10","urn:lsid:marinespecies.org:taxname:1707281","1683760"
"1707308","Abildgaardia hispidula var. oligostachys","(Hochst. ex A.Rich.) Lye","1678791","Bulbostylis oligostachys","(Hochst. ex A.Rich.) C.B.Clarke","","Plantae","Tracheophyta","Magnoliopsida","Poales","Cyperaceae","Variety","Abildgaardia","","hispidula","","","","","1","unaccepted","","2024-12-10","urn:lsid:marinespecies.org:taxname:1707308","1683760"
"1707284","Abildgaardia hispidula var. pyriformis","Lye","1699525","Bulbostylis hispidula subsp. pyriformis","(Lye) R.W.Haines","","Plantae","Tracheophyta","Magnoliopsida","Poales","Cyperaceae","Variety","Abildgaardia","","hispidula","","","","","1","unaccepted","","2024-12-10","urn:lsid:marinespecies.org:taxname:1707284","1683760"
"1683786","Abildgaardia humilis","(Kunth) Lye","1678735","Bulbostylis humilis","(Kunth) C.B.Clarke","","Plantae","Tracheophyta","Magnoliopsida","Poales","Cyperaceae","Species","Abildgaardia","","humilis","","","","","1","unaccepted","","2024-12-10","urn:lsid:marinespecies.org:taxname:1683786","1675209"
"1693310","Abildgaardia hygrophila","(Gordon-Gray) Lye","1681965","Zulustylis hygrophila","(Gordon-Gray) Muasya","","Plantae","Tracheophyta","Magnoliopsida","Poales","Cyperaceae","Species","Abildgaardia","","hygrophila","","","","","1","unaccepted","","2024-12-10","urn:lsid:marinespecies.org:taxname:1693310","1675209"
"1683801","Abildgaardia igneotonsa","(Raymond) Kornas","1678737","Bulbostylis igneotonsa","Raymond","","Plantae","Tracheophyta","Magnoliopsida","Poales","Cyperaceae","Species","Abildgaardia","","igneotonsa","","","","","1","unaccepted","","2024-12-10","urn:lsid:marinespecies.org:taxname:1683801","1675209"
"1683319","Abildgaardia indica","(Rich.) Nees","1678610","Abildgaardia ovata","(Burm.f.) Kral","","Plantae","Tracheophyta","Magnoliopsida","Poales","Cyperaceae","Species","Abildgaardia","","indica","","","","","1","unaccepted","","2024-12-10","urn:lsid:marinespecies.org:taxname:1683319","1675209"
"1689630","Abildgaardia javana","Nees","1679694","Fimbristylis polytrichoides","(Retz.) R.Br.","","Plantae","Tracheophyta","Magnoliopsida","Poales","Cyperaceae","Species","Abildgaardia","","javana","","","","","1","unaccepted","","2024-12-10","urn:lsid:marinespecies.org:taxname:1689630","1675209"
"1683320","Abildgaardia javanensis","Gand.","1678610","Abildgaardia ovata","(Burm.f.) Kral","","Plantae","Tracheophyta","Magnoliopsida","Poales","Cyperaceae","Species","Abildgaardia","","javanensis","","","","","1","unaccepted","","2024-12-10","urn:lsid:marinespecies.org:taxname:1683320","1675209"
"1689631","Abildgaardia javanica","Steud.","1679694","Fimbristylis polytrichoides","(Retz.) R.Br.","","Plantae","Tracheophyta","Magnoliopsida","Poales","Cyperaceae","Species","Abildgaardia","","javanica","","","","","1","unaccepted","","2024-12-10","urn:lsid:marinespecies.org:taxname:1689631","1675209"
"1683805","Abildgaardia johnstonii","(C.B.Clarke) Lye","1678740","Bulbostylis johnstonii","C.B.Clarke","","Plantae","Tracheophyta","Magnoliopsida","Poales","Cyperaceae","Species","Abildgaardia","","johnstonii","","","","","1","unaccepted","","2024-12-10","urn:lsid:marinespecies.org:taxname:1683805","1675209"
"1683843","Abildgaardia lacunosa","Lye","1678745","Bulbostylis lacunosa","(Lye) Lye","","Plantae","Tracheophyta","Magnoliopsida","Poales","Cyperaceae","Species","Abildgaardia","","lacunosa","","","","","1","unaccepted","","2024-12-10","urn:lsid:marinespecies.org:taxname:1683843","1675209"
"1682529","Abildgaardia laevigata","Willd. ex Steud.","","","","","Plantae","Tracheophyta","Magnoliopsida","Poales","Cyperaceae","Species","Abildgaardia","","laevigata","","","","","1","unassessed","","2024-12-10","urn:lsid:marinespecies.org:taxname:1682529","1675209"
"1689796","Abildgaardia lanceolata","Schumach.","1702718","Fimbristylis tristachya var. tristachya","R.Br.","","Plantae","Tracheophyta","Magnoliopsida","Poales","Cyperaceae","Species","Abildgaardia","","lanceolata","","","","","1","unaccepted","","2024-12-10","urn:lsid:marinespecies.org:taxname:1689796","1675209"
"1683851","Abildgaardia lanifera","(Boeckeler) Lye","1678751","Bulbostylis lanifera","(Boeckeler) Kük.","","Plantae","Tracheophyta","Magnoliopsida","Poales","Cyperaceae","Species","Abildgaardia","","lanifera","","","","","1","unaccepted","","2024-12-10","urn:lsid:marinespecies.org:taxname:1683851","1675209"
"1683872","Abildgaardia laxespicata","Lye","1678754","Bulbostylis laxispicata","(Lye) Lye","","Plantae","Tracheophyta","Magnoliopsida","Poales","Cyperaceae","Species","Abildgaardia","","laxespicata","","","","","1","unaccepted","","2024-12-10","urn:lsid:marinespecies.org:taxname:1683872","1675209"
"1683873","Abildgaardia leiolepis","(Kük.) Lye","1678755","Bulbostylis leiolepis","(Kük.) R.W.Haines","","Plantae","Tracheophyta","Magnoliopsida","Poales","Cyperaceae","Species","Abildgaardia","","leiolepis","","","","","1","unaccepted","","2024-12-10","urn:lsid:marinespecies.org:taxname:1683873","1675209"
"1683863","Abildgaardia longespicata","Lye","1678764","Bulbostylis longispicata","(Lye) Lye","","Plantae","Tracheophyta","Magnoliopsida","Poales","Cyperaceae","Species","Abildgaardia","","longespicata","","","","","1","unaccepted","","2024-12-10","urn:lsid:marinespecies.org:taxname:1683863","1675209"
"1807550","Abildgaardia longistipitata","(Tang & F. T. Wang) B. Z. Li & S. R. Zhang","1807550","Abildgaardia longistipitata","(Tang & F. T. Wang) B. Z. Li & S. R. Zhang","0","Plantae","Tracheophyta","Magnoliopsida","Poales","Cyperaceae","Species","Abildgaardia","","longistipitata","","","","","1","accepted","","2025-04-15","urn:lsid:marinespecies.org:taxname:1807550","1675209"
"1683864","Abildgaardia macra","(Ridl.) Lye","1678765","Bulbostylis macra","(Ridl.) C.B.Clarke","","Plantae","Tracheophyta","Magnoliopsida","Poales","Cyperaceae","Species","Abildgaardia","","macra","","","","","1","unaccepted","","2024-12-10","urn:lsid:marinespecies.org:taxname:1683864","1675209"
"1678607","Abildgaardia macrantha","(Boeckeler) Goetgh.","1678607","Abildgaardia macrantha","(Boeckeler) Goetgh.","","Plantae","Tracheophyta","Magnoliopsida","Poales","Cyperaceae","Species","Abildgaardia","","macrantha","","","","","1","accepted","","2024-12-10","urn:lsid:marinespecies.org:taxname:1678607","1675209"
"1683743","Abildgaardia macroanthela","Lye","1678723","Bulbostylis flexuosa","(Ridl.) Goetgh.","","Plantae","Tracheophyta","Magnoliopsida","Poales","Cyperaceae","Species","Abildgaardia","","macroanthela","","","","","1","unaccepted","","2024-12-10","urn:lsid:marinespecies.org:taxname:1683743","1675209"
"1683868","Abildgaardia macrostachya","Lye","1678766","Bulbostylis macrostachya","(Lye) R.W.Haines","","Plantae","Tracheophyta","Magnoliopsida","Poales","Cyperaceae","Species","Abildgaardia","","macrostachya","","","","","1","unaccepted","","2024-12-10","urn:lsid:marinespecies.org:taxname:1683868","1675209"
"1683870","Abildgaardia malawiensis","Lye","1678769","Bulbostylis malawiensis","(Lye) Lye","","Plantae","Tracheophyta","Magnoliopsida","Poales","Cyperaceae","Species","Abildgaardia","","malawiensis","","","","","1","unaccepted","","2024-12-10","urn:lsid:marinespecies.org:taxname:1683870","1675209"
"1683982","Abildgaardia megastachys","(Ridl.) Lye","1680330","Bulbostylis schoenoides","(Kunth) C.B.Clarke","","Plantae","Tracheophyta","Magnoliopsida","Poales","Cyperaceae","Species","Abildgaardia","","megastachys","","","","","1","unaccepted","","2024-12-10","urn:lsid:marinespecies.org:taxname:1683982","1675209"
"1682028","Abildgaardia metalliphila","Lye","","","","","Plantae","Tracheophyta","Magnoliopsida","Poales","Cyperaceae","Species","Abildgaardia","","metalliphila","","","","","1","unassessed","","2024-12-10","urn:lsid:marinespecies.org:taxname:1682028","1675209"
"1678608","Abildgaardia mexicana","(Palla) Kral","1678608","Abildgaardia mexicana","(Palla) Kral","","Plantae","Tracheophyta","Magnoliopsida","Poales","Cyperaceae","Species","Abildgaardia","","mexicana","","","","","1","accepted","","2024-12-10","urn:lsid:marinespecies.org:taxname:1678608","1675209"
"1683894","Abildgaardia microcarpa","Lye","1678776","Bulbostylis microcarpa","(Lye) R.W.Haines","","Plantae","Tracheophyta","Magnoliopsida","Poales","Cyperaceae","Species","Abildgaardia","","microcarpa","","","","","1","unaccepted","","2024-12-10","urn:lsid:marinespecies.org:taxname:1683894","1675209"
"1683525","Abildgaardia microcephala","Lye","1678648","Bulbostylis afromicrocephala","Lye","","Plantae","Tracheophyta","Magnoliopsida","Poales","Cyperaceae","Species","Abildgaardia","","microcephala","","","","","1","unaccepted","","2024-12-10","urn:lsid:marinespecies.org:taxname:1683525","1675209"
"1683895","Abildgaardia microelegans","Lye","1678777","Bulbostylis microelegans","(Lye) R.W.Haines","","Plantae","Tracheophyta","Magnoliopsida","Poales","Cyperaceae","Species","Abildgaardia","","microelegans","","","","","1","unaccepted","","2024-12-10","urn:lsid:marinespecies.org:taxname:1683895","1675209"
"1683896","Abildgaardia microrotundata","Lye","1678779","Bulbostylis microrotundata","(Lye) Lye","","Plantae","Tracheophyta","Magnoliopsida","Poales","Cyperaceae","Species","Abildgaardia","","microrotundata","","","","","1","unaccepted","","2024-12-10","urn:lsid:marinespecies.org:taxname:1683896","1675209"
"1683659","Abildgaardia miegei","(Bodard) Lye","1702541","Bulbostylis coleotricha var. miegei","(Bodard) R.W.Haines","","Plantae","Tracheophyta","Magnoliopsida","Poales","Cyperaceae","Species","Abildgaardia","","miegei","","","","","1","unaccepted","","2024-12-10","urn:lsid:marinespecies.org:taxname:1683659","1675209"
"1683322","Abildgaardia monostachya","(L.) Vahl","1678610","Abildgaardia ovata","(Burm.f.) Kral","","Plantae","Tracheophyta","Magnoliopsida","Poales","Cyperaceae","Species","Abildgaardia","","monostachya","","","","","1","unaccepted","","2024-12-10","urn:lsid:marinespecies.org:taxname:1683322","1675209"
"1682029","Abildgaardia natalensis","Gand.","","","","","Plantae","Tracheophyta","Magnoliopsida","Poales","Cyperaceae","Species","Abildgaardia","","natalensis","","","","","1","unassessed","","2024-12-10","urn:lsid:marinespecies.org:taxname:1682029","1675209"
"1689706","Abildgaardia nervosa","J.Presl & C.Presl","1679725","Fimbristylis schoenoides","(Retz.) Vahl","","Plantae","Tracheophyta","Magnoliopsida","Poales","Cyperaceae","Species","Abildgaardia","","nervosa","","","","","1","unaccepted","","2024-12-10","urn:lsid:marinespecies.org:taxname:1689706","1675209"
"1683902","Abildgaardia nudiuscula","Lye","1678790","Bulbostylis nudiuscula","(Lye) Lye","","Plantae","Tracheophyta","Magnoliopsida","Poales","Cyperaceae","Species","Abildgaardia","","nudiuscula","","","","","1","unaccepted","","2024-12-10","urn:lsid:marinespecies.org:taxname:1683902","1675209"
"1678609","Abildgaardia odontocarpa","(S.T.Blake) K.L.Wilson & J.J.Bruhl","1678609","Abildgaardia odontocarpa","(S.T.Blake) K.L.Wilson & J.J.Bruhl","","Plantae","Tracheophyta","Magnoliopsida","Poales","Cyperaceae","Species","Abildgaardia","","odontocarpa","","","","","1","accepted","","2024-12-10","urn:lsid:marinespecies.org:taxname:1678609","1675209"
"1683905","Abildgaardia oligostachys","(Hochst. ex A.Rich.) Lye","1678791","Bulbostylis oligostachys","(Hochst. ex A.Rich.) C.B.Clarke","","Plantae","Tracheophyta","Magnoliopsida","Poales","Cyperaceae","Species","Abildgaardia","","oligostachys","","","","","1","unaccepted","","2024-12-10","urn:lsid:marinespecies.org:taxname:1683905","1675209"
"1683910","Abildgaardia oritrephes","(Ridl.) Lye","1678792","Bulbostylis oritrephes","(Ridl.) C.B.Clarke","","Plantae","Tracheophyta","Magnoliopsida","Poales","Cyperaceae","Species","Abildgaardia","","oritrephes","","","","","1","unaccepted","","2024-12-10","urn:lsid:marinespecies.org:taxname:1683910","1675209"
"1678610","Abildgaardia ovata","(Burm.f.) Kral","1678610","Abildgaardia ovata","(Burm.f.) Kral","","Plantae","Tracheophyta","Magnoliopsida","Poales","Cyperaceae","Species","Abildgaardia","","ovata","","","","","1","accepted","","2024-12-10","urn:lsid:marinespecies.org:taxname:1678610","1675209"
"1678611","Abildgaardia oxystachya","(F.Muell.) K.L.Wilson & J.J.Bruhl","1678611","Abildgaardia oxystachya","(F.Muell.) K.L.Wilson & J.J.Bruhl","","Plantae","Tracheophyta","Magnoliopsida","Poales","Cyperaceae","Species","Abildgaardia","","oxystachya","","","","","1","accepted","","2024-12-10","urn:lsid:marinespecies.org:taxname:1678611","1675209"
"1678612","Abildgaardia pachyptera","(S.T.Blake) K.L.Wilson & J.J.Bruhl","1678612","Abildgaardia pachyptera","(S.T.Blake) K.L.Wilson & J.J.Bruhl","","Plantae","Tracheophyta","Magnoliopsida","Poales","Cyperaceae","Species","Abildgaardia","","pachyptera","","","","","1","accepted","","2024-12-10","urn:lsid:marinespecies.org:taxname:1678612","1675209"
"1683914","Abildgaardia pallescens","Lye","1678795","Bulbostylis pallescens","(Lye) R.W.Haines","","Plantae","Tracheophyta","Magnoliopsida","Poales","Cyperaceae","Species","Abildgaardia","","pallescens","","","","","1","unaccepted","","2024-12-10","urn:lsid:marinespecies.org:taxname:1683914","1675209"
"1681983","Abildgaardia papillosa","Kral & M.T.Strong","","","","","Plantae","Tracheophyta","Magnoliopsida","Poales","Cyperaceae","Species","Abildgaardia","","papillosa","","","","","1","unassessed","","2024-12-10","urn:lsid:marinespecies.org:taxname:1681983","1675209"
"1683915","Abildgaardia paradoxa","(Spreng.) Lye","1678796","Bulbostylis paradoxa","(Spreng.) Lindm.","","Plantae","Tracheophyta","Magnoliopsida","Poales","Cyperaceae","Species","Abildgaardia","","paradoxa","","","","","1","unaccepted","","2024-12-10","urn:lsid:marinespecies.org:taxname:1683915","1675209"
"1683937","Abildgaardia parva","(Ridl.) Lye","1678808","Bulbostylis pusilla","(Hochst. ex A.Rich.) C.B.Clarke","","Plantae","Tracheophyta","Magnoliopsida","Poales","Cyperaceae","Species","Abildgaardia","","parva","","","","","1","unaccepted","","2024-12-10","urn:lsid:marinespecies.org:taxname:1683937","1675209"
"1683926","Abildgaardia parvinux","(C.B.Clarke) Lye","1678798","Bulbostylis parvinux","C.B.Clarke","","Plantae","Tracheophyta","Magnoliopsida","Poales","Cyperaceae","Species","Abildgaardia","","parvinux","","","","","1","unaccepted","","2024-12-10","urn:lsid:marinespecies.org:taxname:1683926","1675209"
"1689541","Abildgaardia pauciflora","(Brongn.) Kunth","1680039","Fimbristylis fusca","(Nees) Benth. ex C.B.Clarke","","Plantae","Tracheophyta","Magnoliopsida","Poales","Cyperaceae","Species","Abildgaardia","","pauciflora","","","","","1","unaccepted","","2024-12-10","urn:lsid:marinespecies.org:taxname:1689541","1675209"
"1683881","Abildgaardia pilosa","(Willd.) Nees","1678801","Bulbostylis pilosa","(Willd.) Cherm.","","Plantae","Tracheophyta","Magnoliopsida","Poales","Cyperaceae","Species","Abildgaardia","","pilosa","","","","","1","unaccepted","","2024-12-10","urn:lsid:marinespecies.org:taxname:1683881","1675209"
"1683888","Abildgaardia pluricephala","Lye","1678802","Bulbostylis pluricephala","(Lye) Lye","","Plantae","Tracheophyta","Magnoliopsida","Poales","Cyperaceae","Species","Abildgaardia","","pluricephala","","","","","1","unaccepted","","2024-12-10","urn:lsid:marinespecies.org:taxname:1683888","1675209"
"1687931","Abildgaardia polycephala","Brongn.","1680929","Cyperus trigynus","Spreng.","","Plantae","Tracheophyta","Magnoliopsida","Poales","Cyperaceae","Species","Abildgaardia","","polycephala","","","","","1","unaccepted","","2024-12-10","urn:lsid:marinespecies.org:taxname:1687931","1675209"
"1682030","Abildgaardia polygama","Spreng.","","","","","Plantae","Tracheophyta","Magnoliopsida","Poales","Cyperaceae","Species","Abildgaardia","","polygama","","","","","1","unassessed","","2024-12-10","urn:lsid:marinespecies.org:taxname:1682030","1675209"
"1683891","Abildgaardia pubescens","J.Presl & C.Presl","1678807","Bulbostylis pubescens","(C.Presl) Svenson","","Plantae","Tracheophyta","Magnoliopsida","Poales","Cyperaceae","Species","Abildgaardia","","pubescens","","","","","1","unaccepted","","2024-12-10","urn:lsid:marinespecies.org:taxname:1683891","1675209"
"1683932","Abildgaardia pusilla","(Hochst. ex A.Rich.) Lye","1678808","Bulbostylis pusilla","(Hochst. ex A.Rich.) C.B.Clarke","","Plantae","Tracheophyta","Magnoliopsida","Poales","Cyperaceae","Species","Abildgaardia","","pusilla","","","","","1","unaccepted","","2024-12-10","urn:lsid:marinespecies.org:taxname:1683932","1675209"
"1703153","Abildgaardia pusilla subsp. congolensis","(De Wild.) Lye","1678692","Bulbostylis congolensis","De Wild.","","Plantae","Tracheophyta","Magnoliopsida","Poales","Cyperaceae","Subspecies","Abildgaardia","","pusilla","congolensis","","","","1","unaccepted","","2024-12-10","urn:lsid:marinespecies.org:taxname:1703153","1683932"
"1703169","Abildgaardia pusilla subsp. yalingensis","(Cherm.) Lye","1678808","Bulbostylis pusilla","(Hochst. ex A.Rich.) C.B.Clarke","","Plantae","Tracheophyta","Magnoliopsida","Poales","Cyperaceae","Subspecies","Abildgaardia","","pusilla","yalingensis","","","","1","unaccepted","","2024-12-10","urn:lsid:marinespecies.org:taxname:1703169","1683932"
"1707562","Abildgaardia pusilla var. yalingensis","(Cherm.) Lye","1678808","Bulbostylis pusilla","(Hochst. ex A.Rich.) C.B.Clarke","","Plantae","Tracheophyta","Magnoliopsida","Poales","Cyperaceae","Variety","Abildgaardia","","pusilla","","","","","1","unaccepted","","2024-12-10","urn:lsid:marinespecies.org:taxname:1707562","1683932"
"1683945","Abildgaardia renschii","(Boeckeler) Lye","1678813","Bulbostylis renschii","(Boeckeler) C.B.Clarke","","Plantae","Tracheophyta","Magnoliopsida","Poales","Cyperaceae","Species","Abildgaardia","","renschii","","","","","1","unaccepted","","2024-12-10","urn:lsid:marinespecies.org:taxname:1683945","1675209"
"1683947","Abildgaardia rhizomatosa","Lye","1680320","Bulbostylis rhizomatosa","(Lye) R.W.Haines","","Plantae","Tracheophyta","Magnoliopsida","Poales","Cyperaceae","Species","Abildgaardia","","rhizomatosa","","","","","1","unaccepted","","2024-12-10","urn:lsid:marinespecies.org:taxname:1683947","1675209"
"1683310","Abildgaardia rottboelliana","Nees","1678610","Abildgaardia ovata","(Burm.f.) Kral","","Plantae","Tracheophyta","Magnoliopsida","Poales","Cyperaceae","Species","Abildgaardia","","rottboelliana","","","","","1","unaccepted","","2024-12-10","urn:lsid:marinespecies.org:taxname:1683310","1675209"
"1683948","Abildgaardia rotundata","(Kük.) Lye","1680321","Bulbostylis rotundata","(Kük.) R.W.Haines","","Plantae","Tracheophyta","Magnoliopsida","Poales","Cyperaceae","Species","Abildgaardia","","rotundata","","","","","1","unaccepted","","2024-12-10","urn:lsid:marinespecies.org:taxname:1683948","1675209"
"1683966","Abildgaardia schimperiana","(Hochst. ex A.Rich.) Lye","1680328","Bulbostylis schimperiana","(Hochst. ex A.Rich.) C.B.Clarke","","Plantae","Tracheophyta","Magnoliopsida","Poales","Cyperaceae","Species","Abildgaardia","","schimperiana","","","","","1","unaccepted","","2024-12-10","urn:lsid:marinespecies.org:taxname:1683966","1675209"
"1683974","Abildgaardia schlechteri","(C.B.Clarke) Lye","1680329","Bulbostylis schlechteri","C.B.Clarke","","Plantae","Tracheophyta","Magnoliopsida","Poales","Cyperaceae","Species","Abildgaardia","","schlechteri","","","","","1","unaccepted","","2024-12-10","urn:lsid:marinespecies.org:taxname:1683974","1675209"
"1678613","Abildgaardia schoenoides","R.Br.","1678613","Abildgaardia schoenoides","R.Br.","","Plantae","Tracheophyta","Magnoliopsida","Poales","Cyperaceae","Species","Abildgaardia","","schoenoides","","","","","1","accepted","","2024-12-10","urn:lsid:marinespecies.org:taxname:1678613","1675209"
"1689207","Abildgaardia scirpoides","Nees","1679963","Fimbristylis bahiensis","Steud.","","Plantae","Tracheophyta","Magnoliopsida","Poales","Cyperaceae","Species","Abildgaardia","","scirpoides","","","","","1","unaccepted","","2024-12-10","urn:lsid:marinespecies.org:taxname:1689207","1675209"
"1683984","Abildgaardia scleropus","(C.B.Clarke) Lye","1680330","Bulbostylis schoenoides","(Kunth) C.B.Clarke","","Plantae","Tracheophyta","Magnoliopsida","Poales","Cyperaceae","Species","Abildgaardia","","scleropus","","","","","1","unaccepted","","2024-12-10","urn:lsid:marinespecies.org:taxname:1683984","1675209"
"1683997","Abildgaardia scrobiculata","Lye","1680333","Bulbostylis scrobiculata","(Lye) Lye","","Plantae","Tracheophyta","Magnoliopsida","Poales","Cyperaceae","Species","Abildgaardia","","scrobiculata","","","","","1","unaccepted","","2024-12-10","urn:lsid:marinespecies.org:taxname:1683997","1675209"
"1684003","Abildgaardia setacea","Griseb.","1680335","Bulbostylis setacea","(Griseb.) Svenson","","Plantae","Tracheophyta","Magnoliopsida","Poales","Cyperaceae","Species","Abildgaardia","","setacea","","","","","1","unaccepted","","2024-12-10","urn:lsid:marinespecies.org:taxname:1684003","1675209"
"1683536","Abildgaardia setifolia","(A.Rich.) Lye","1678662","Bulbostylis atrosanguinea","(Boeckeler) C.B.Clarke","","Plantae","Tracheophyta","Magnoliopsida","Poales","Cyperaceae","Species","Abildgaardia","","setifolia","","","","","1","unaccepted","","2024-12-10","urn:lsid:marinespecies.org:taxname:1683536","1675209"
"1683796","Abildgaardia sphaerocarpa","(Boeckeler) Lye","1678735","Bulbostylis humilis","(Kunth) C.B.Clarke","","Plantae","Tracheophyta","Magnoliopsida","Poales","Cyperaceae","Species","Abildgaardia","","sphaerocarpa","","","","","1","unaccepted","","2024-12-10","urn:lsid:marinespecies.org:taxname:1683796","1675209"
"1684014","Abildgaardia squarrosa","Lye","1680340","Bulbostylis squarrosa","(Lye) Verdc.","","Plantae","Tracheophyta","Magnoliopsida","Poales","Cyperaceae","Species","Abildgaardia","","squarrosa","","","","","1","unaccepted","","2024-12-10","urn:lsid:marinespecies.org:taxname:1684014","1675209"
"1683797","Abildgaardia striatella","(C.B.Clarke) Lye","1678735","Bulbostylis humilis","(Kunth) C.B.Clarke","","Plantae","Tracheophyta","Magnoliopsida","Poales","Cyperaceae","Species","Abildgaardia","","striatella","","","","","1","unaccepted","","2024-12-10","urn:lsid:marinespecies.org:taxname:1683797","1675209"
"1812854","Abildgaardia subg. Androtrichum","","1812854","Abildgaardia subg. Androtrichum","","0","Plantae","Tracheophyta","Magnoliopsida","Poales","Cyperaceae","Subgenus","Abildgaardia","Androtrichum","","","","","","1","accepted","","2025-05-16","urn:lsid:marinespecies.org:taxname:1812854","1675209"
"1700672","Abildgaardia subg. Bulbostylis","(Kunth ex C.B.Clarke) Lye","","","","","Plantae","Tracheophyta","Magnoliopsida","Poales","Cyperaceae","Subgenus","Abildgaardia","Bulbostylis","","","","","","1","unassessed","","2024-12-10","urn:lsid:marinespecies.org:taxname:1700672","1675209"
"1683756","Abildgaardia subumbellata","Lye","1678732","Bulbostylis hensii","(C.B.Clarke) R.W.Haines","","Plantae","Tracheophyta","Magnoliopsida","Poales","Cyperaceae","Species","Abildgaardia","","subumbellata","","","","","1","unaccepted","","2024-12-10","urn:lsid:marinespecies.org:taxname:1683756","1675209"
"1684037","Abildgaardia tanzaniae","Lye","1680351","Bulbostylis tanzaniae","(Lye) R.W.Haines","","Plantae","Tracheophyta","Magnoliopsida","Poales","Cyperaceae","Species","Abildgaardia","","tanzaniae","","","","","1","unaccepted","","2024-12-10","urn:lsid:marinespecies.org:taxname:1684037","1675209"
"1684038","Abildgaardia taylorii","(K.Schum.) Lye","1680352","Bulbostylis taylorii","C.B.Clarke","","Plantae","Tracheophyta","Magnoliopsida","Poales","Cyperaceae","Species","Abildgaardia","","taylorii","","","","","1","unaccepted","","2024-12-10","urn:lsid:marinespecies.org:taxname:1684038","1675209"
"1682530","Abildgaardia ternata","Schrad. ex Nees","","","","","Plantae","Tracheophyta","Magnoliopsida","Poales","Cyperaceae","Species","Abildgaardia","","ternata","","","","","1","unassessed","","2024-12-10","urn:lsid:marinespecies.org:taxname:1682530","1675209"
"1684065","Abildgaardia trabeculata","(C.B.Clarke) Lye","1680358","Bulbostylis trabeculata","C.B.Clarke","","Plantae","Tracheophyta","Magnoliopsida","Poales","Cyperaceae","Species","Abildgaardia","","trabeculata","","","","","1","unaccepted","","2024-12-10","urn:lsid:marinespecies.org:taxname:1684065","1675209"
"1707330","Abildgaardia trabeculata var. microglumis","Lye","1702546","Bulbostylis trabeculata var. microglumis","(Lye) R.W.Haines","","Plantae","Tracheophyta","Magnoliopsida","Poales","Cyperaceae","Variety","Abildgaardia","","trabeculata","","","","","1","unaccepted","","2024-12-10","urn:lsid:marinespecies.org:taxname:1707330","1684065"
"1684066","Abildgaardia trichobasis","(Baker) Lye","1680359","Bulbostylis trichobasis","(Baker) C.B.Clarke","","Plantae","Tracheophyta","Magnoliopsida","Poales","Cyperaceae","Species","Abildgaardia","","trichobasis","","","","","1","unaccepted","","2024-12-10","urn:lsid:marinespecies.org:taxname:1684066","1675209"
"1678614","Abildgaardia triflora","(L.) Abeyw.","1678614","Abildgaardia triflora","(L.) Abeyw.","","Plantae","Tracheophyta","Magnoliopsida","Poales","Cyperaceae","Species","Abildgaardia","","triflora","","","","","1","accepted","","2024-12-10","urn:lsid:marinespecies.org:taxname:1678614","1675209"
"1781992","Abildgaardia triflora","(L.) Lye","1678614","Abildgaardia triflora","(L.) Abeyw.","","Plantae","Tracheophyta","Magnoliopsida","Poales","Cyperaceae","Species","Abildgaardia","","triflora","","","","","","unaccepted","Homotypic synonym","2024-12-02","urn:lsid:marinespecies.org:taxname:1781992","1675209"
"1683328","Abildgaardia tristachya","Vahl","1678614","Abildgaardia triflora","(L.) Abeyw.","","Plantae","Tracheophyta","Magnoliopsida","Poales","Cyperaceae","Species","Abildgaardia","","tristachya","","","","","1","unaccepted","","2024-12-10","urn:lsid:marinespecies.org:taxname:1683328","1675209"
"1684071","Abildgaardia ugandensis","Lye","1680365","Bulbostylis ugandensis","(Lye) R.W.Haines","","Plantae","Tracheophyta","Magnoliopsida","Poales","Cyperaceae","Species","Abildgaardia","","ugandensis","","","","","1","unaccepted","","2024-12-10","urn:lsid:marinespecies.org:taxname:1684071","1675209"
"1689822","Abildgaardia vaginata","R.Br.","1679793","Fimbristylis vaginata","(R.Br.) Domin","","Plantae","Tracheophyta","Magnoliopsida","Poales","Cyperaceae","Species","Abildgaardia","","vaginata","","","","","1","unaccepted","","2024-12-10","urn:lsid:marinespecies.org:taxname:1689822","1675209"
"1684073","Abildgaardia vanderystii","(Cherm.) Lye","1680366","Bulbostylis vanderystii","Cherm.","","Plantae","Tracheophyta","Magnoliopsida","Poales","Cyperaceae","Species","Abildgaardia","","vanderystii","","","","","1","unaccepted","","2024-12-10","urn:lsid:marinespecies.org:taxname:1684073","1675209"
"1693312","Abildgaardia variegata","(Gordon-Gray) Lye","1681966","Zulustylis variegata","(Gordon-Gray) Muasya","","Plantae","Tracheophyta","Magnoliopsida","Poales","Cyperaceae","Species","Abildgaardia","","variegata","","","","","1","unaccepted","","2024-12-10","urn:lsid:marinespecies.org:taxname:1693312","1675209"
"1683549","Abildgaardia wallichiana","(Schult.) Lye","1699510","Bulbostylis barbata subsp. barbata","(Rottb.) C.B.Clarke","","Plantae","Tracheophyta","Magnoliopsida","Poales","Cyperaceae","Species","Abildgaardia","","wallichiana","","","","","1","unaccepted","","2024-12-10","urn:lsid:marinespecies.org:taxname:1683549","1675209"
"1683550","Abildgaardia willdenowii","Lye","1699510","Bulbostylis barbata subsp. barbata","(Rottb.) C.B.Clarke","","Plantae","Tracheophyta","Magnoliopsida","Poales","Cyperaceae","Species","Abildgaardia","","willdenowii","","","","","1","unaccepted","","2024-12-10","urn:lsid:marinespecies.org:taxname:1683550","1675209"
"1684092","Abildgaardia wombaliensis","(De Wild.) Lye","1680372","Bulbostylis wombaliensis","(De Wild.) R.W.Haines","","Plantae","Tracheophyta","Magnoliopsida","Poales","Cyperaceae","Species","Abildgaardia","","wombaliensis","","","","","1","unaccepted","","2024-12-10","urn:lsid:marinespecies.org:taxname:1684092","1675209"
"1683938","Abildgaardia yalingensis","(Cherm.) Lye","1678808","Bulbostylis pusilla","(Hochst. ex A.Rich.) C.B.Clarke","","Plantae","Tracheophyta","Magnoliopsida","Poales","Cyperaceae","Species","Abildgaardia","","yalingensis","","","","","1","unaccepted","","2024-12-10","urn:lsid:marinespecies.org:taxname:1683938","1675209"
"1714080","Abildgaardieae","Lye","1714080","Abildgaardieae","Lye","","Plantae","Tracheophyta","Magnoliopsida","Poales","Cyperaceae","Tribe","","","","","","","","1","accepted","","2024-10-07","urn:lsid:marinespecies.org:taxname:1714080","382428"
"1675768","Abildgardia","Rchb.","415392","Fimbristylis","Vahl","","Plantae","Tracheophyta","Magnoliopsida","Poales","Cyperaceae","Genus","Abildgardia","","","","","","","1","unaccepted","","2024-12-10","urn:lsid:marinespecies.org:taxname:1675768","382428"
"1675797","Abilgaardia","Poir.","","","","","Plantae","Tracheophyta","Magnoliopsida","Poales","Cyperaceae","Genus","Abilgaardia","","","","","","","1","unassessed","","2024-12-10","urn:lsid:marinespecies.org:taxname:1675797","382428"
"1511954","Abiliodesmus","Bouzan, Iniesta & Brescovit, 2021","1511954","Abiliodesmus","Bouzan, Iniesta & Brescovit, 2021","","Animalia","Arthropoda","Diplopoda","Polydesmida","Chelodesmidae","Genus","Abiliodesmus","","","","0","0","0","1","accepted","","2021-05-25","urn:lsid:marinespecies.org:taxname:1511954","889112"
"1512238","Abiliodesmus cataractae","(Hoffman, 1976)","1512238","Abiliodesmus cataractae","(Hoffman, 1976)","","Animalia","Arthropoda","Diplopoda","Polydesmida","Chelodesmidae","Species","Abiliodesmus","","cataractae","","0","0","0","1","accepted","","2021-07-02","urn:lsid:marinespecies.org:taxname:1512238","1511954"
"1512239","Abiliodesmus defensor","(Hoffman, 1976)","1512239","Abiliodesmus defensor","(Hoffman, 1976)","","Animalia","Arthropoda","Diplopoda","Polydesmida","Chelodesmidae","Species","Abiliodesmus","","defensor","","0","0","0","1","accepted","","2021-05-26","urn:lsid:marinespecies.org:taxname:1512239","1511954"
"1512240","Abiliodesmus mapinguari","Bouzan, Iniesta & Brescovit, 2021","1512240","Abiliodesmus mapinguari","Bouzan, Iniesta & Brescovit, 2021","","Animalia","Arthropoda","Diplopoda","Polydesmida","Chelodesmidae","Species","Abiliodesmus","","mapinguari","","0","0","0","1","accepted","","2021-05-26","urn:lsid:marinespecies.org:taxname:1512240","1511954"
"1512237","Abiliodesmus planaltensis","(Schubart, 1960)","1512237","Abiliodesmus planaltensis","(Schubart, 1960)","","Animalia","Arthropoda","Diplopoda","Polydesmida","Chelodesmidae","Species","Abiliodesmus","","planaltensis","","0","0","0","1","accepted","","2021-05-26","urn:lsid:marinespecies.org:taxname:1512237","1511954"
"377979","Abiotrophia","Kawamura, Hou, Sultana, Liu, Yamamoto & Ezaki, 1995","377979","Abiotrophia","Kawamura, Hou, Sultana, Liu, Yamamoto & Ezaki, 1995","","Bacteria","Firmicutes","Bacili","Lactobacillales","Aerococcaceae","Genus","Abiotrophia","","","","","","","1","accepted","","2020-03-17","urn:lsid:marinespecies.org:taxname:377979","377978"
"1584423","Abirovulva","Hunt, 2002","","","","","Animalia","Nematoda","Chromadorea","Rhabditida","Carnoyidae","Genus","Abirovulva","","","","","","","1","accepted","","2022-06-02","urn:lsid:marinespecies.org:taxname:1584423","1584315"
"1589419","Abirovulva insolita","Hunt, 2002","1589419","Abirovulva insolita","Hunt, 2002","","Animalia","Nematoda","Chromadorea","Rhabditida","Carnoyidae","Species","Abirovulva","","insolita","","","","","1","accepted","","2022-06-16","urn:lsid:marinespecies.org:taxname:1589419","1584423"
"987209","Ablabesmyia","Johannsen, 1905","987209","Ablabesmyia","Johannsen, 1905","","Animalia","Arthropoda","Hexapoda","Diptera","Chironomidae","Genus","Ablabesmyia","","","","0","0","0","1","accepted","","2017-03-24","urn:lsid:marinespecies.org:taxname:987209","712122"
"987843","Ablabesmyia mala","(Hutton, 1902)","987843","Ablabesmyia mala","(Hutton, 1902)","","Animalia","Arthropoda","Hexapoda","Diptera","Chironomidae","Species","Ablabesmyia","","mala","","0","0","1","1","accepted","","2023-10-05","urn:lsid:marinespecies.org:taxname:987843","987209"
"206391","Ablabys","Kaup, 1873","206391","Ablabys","Kaup, 1873","","Animalia","Chordata","Teleostei","Perciformes","Tetrarogidae","Genus","Ablabys","","","","1","0","0","0","accepted","","2014-11-21","urn:lsid:marinespecies.org:taxname:206391","154250"
"221448","Ablabys binotatus","(Peters, 1855)","221448","Ablabys binotatus","(Peters, 1855)","","Animalia","Chordata","Teleostei","Perciformes","Tetrarogidae","Species","Ablabys","","binotatus","","1","0","0","0","accepted","","2008-01-15","urn:lsid:marinespecies.org:taxname:221448","206391"
"1524315","Ablabys gymnothorax","Chungthanawong & Motomura, 2018","1524315","Ablabys gymnothorax","Chungthanawong & Motomura, 2018","","Animalia","Chordata","Teleostei","Perciformes","Tetrarogidae","Species","Ablabys","","gymnothorax","","1","0","0","0","accepted","","2021-08-03","urn:lsid:marinespecies.org:taxname:1524315","206391"
"278867","Ablabys macracanthus","(Bleeker, 1852)","278867","Ablabys macracanthus","(Bleeker, 1852)","","Animalia","Chordata","Teleostei","Perciformes","Tetrarogidae","Species","Ablabys","","macracanthus","","1","0","0","0","accepted","","2008-01-15","urn:lsid:marinespecies.org:taxname:278867","206391"
"1524318","Ablabys pauciporus","Chungthanawong & Motomura, 2018","1524318","Ablabys pauciporus","Chungthanawong & Motomura, 2018","","Animalia","Chordata","Teleostei","Perciformes","Tetrarogidae","Species","Ablabys","","pauciporus","","1","0","0","0","accepted","","2021-08-03","urn:lsid:marinespecies.org:taxname:1524318","206391"
"221449","Ablabys taenianotus","(Cuvier, 1829)","221449","Ablabys taenianotus","(Cuvier, 1829)","","Animalia","Chordata","Teleostei","Perciformes","Tetrarogidae","Species","Ablabys","","taenianotus","","1","0","0","0","accepted","","2008-01-15","urn:lsid:marinespecies.org:taxname:221449","206391"
"401067","Ablabys taenionotus","(Cuvier, 1829)","221449","Ablabys taenianotus","(Cuvier, 1829)","","Animalia","Chordata","Teleostei","Perciformes","Tetrarogidae","Species","Ablabys","","taenionotus","","1","0","0","0","unaccepted","misspelling","2009-06-15","urn:lsid:marinespecies.org:taxname:401067","206391"
"1537002","Ablechroiulinae","Andrássy, 1976","1536995","Rhabditinae","Örley, 1880","","Animalia","Nematoda","Chromadorea","Rhabditida","Rhabditidae","Subfamily","","","","","","","","","unaccepted","","2021-08-31","urn:lsid:marinespecies.org:taxname:1537002","2213"
"1468964","Ablechroiulus","Andrássy, 1966","1537042","Choriorhabditis","Osche, 1952","","Animalia","Nematoda","Chromadorea","Rhabditida","Rhabditidae","Genus","Ablechroiulus","","","","0","0","0","1","unaccepted","","2021-08-31","urn:lsid:marinespecies.org:taxname:1468964","1536995"
"1538467","Ablechroiulus acartus","(Rühm in Osche, 1952) Andrássy, 1966","1537725","Choriorhabditis acarta","(Rühm, 1956)","","Animalia","Nematoda","Chromadorea","Rhabditida","Rhabditidae","Species","Ablechroiulus","","acartus","","0","0","0","1","unaccepted","","2021-09-02","urn:lsid:marinespecies.org:taxname:1538467","1468964"
"1468965","Ablechroiulus anchisporus","Andrássy, 1966","1537726","Choriorhabditis anchispora","(Andrássy, 1966)","","Animalia","Nematoda","Chromadorea","Rhabditida","Rhabditidae","Species","Ablechroiulus","","anchisporus","","0","0","0","1","unaccepted","","2021-09-01","urn:lsid:marinespecies.org:taxname:1468965","1468964"
"1538644","Ablechroiulus broughtonalcocki","(Buckley, 1931) Andrássy, 1983","1537669","Rhabditis brassicae","Southern, 1909","","Animalia","Nematoda","Chromadorea","Rhabditida","Rhabditidae","Species","Ablechroiulus","","broughtonalcocki","","0","0","0","1","unaccepted","","2021-09-02","urn:lsid:marinespecies.org:taxname:1538644","1468964"
"1468966","Ablechroiulus castaneanus","Abolafia & Peña-Santiago, 2009","1537728","Choriorhabditis castaneana","(Abolafia & Peña-Santiago, 2009) Sudhaus, 2011","","Animalia","Nematoda","Chromadorea","Rhabditida","Rhabditidae","Species","Ablechroiulus","","castaneanus","","","","","1","unaccepted","","2023-09-28","urn:lsid:marinespecies.org:taxname:1468966","1468964"
"1538070","Ablechroiulus castaneus","Abolafia & Peña-Santiago, 2009","1537728","Choriorhabditis castaneana","(Abolafia & Peña-Santiago, 2009) Sudhaus, 2011","","Animalia","Nematoda","Chromadorea","Rhabditida","Rhabditidae","Species","Ablechroiulus","","castaneus","","0","0","0","1","misspelling - incorrect subsequent spelling","","2023-09-28","urn:lsid:marinespecies.org:taxname:1538070","1468964"
"1538469","Ablechroiulus ciliatus","(Fuchs, 1931) Andrássy, 1966","1537729","Choriorhabditis ciliata","(Fuchs, 1931)","","Animalia","Nematoda","Chromadorea","Rhabditida","Rhabditidae","Species","Ablechroiulus","","ciliatus","","0","0","0","1","unaccepted","","2021-09-02","urn:lsid:marinespecies.org:taxname:1538469","1468964"
"1538472","Ablechroiulus crenatus","(Paesler, 1946) Andrássy, 1966","1537730","Choriorhabditis crenata","(Paesler, 1946) Sudhaus, 2011","","Animalia","Nematoda","Chromadorea","Rhabditida","Rhabditidae","Species","Ablechroiulus","","crenatus","","0","0","0","1","unaccepted","","2021-09-02","urn:lsid:marinespecies.org:taxname:1538472","1468964"
"1538481","Ablechroiulus cristatus","(Hirschmann, 1952) Andrássy, 1966","1537738","Choriorhabditis lacustris","(Micoletzky, 1913)","","Animalia","Nematoda","Chromadorea","Rhabditida","Rhabditidae","Species","Ablechroiulus","","cristatus","","0","0","0","1","unaccepted","","2021-09-02","urn:lsid:marinespecies.org:taxname:1538481","1468964"
"1538075","Ablechroiulus dudichi","Andrássy, 1970","1537732","Choriorhabditis dudichi","(Andrássy, 1970)","","Animalia","Nematoda","Chromadorea","Rhabditida","Rhabditidae","Species","Ablechroiulus","","dudichi","","0","0","0","1","unaccepted","","2021-09-02","urn:lsid:marinespecies.org:taxname:1538075","1468964"
"1538383","Ablechroiulus gongyloides","(Reiter, 1928) Andrássy, 1966","1537733","Choriorhabditis gongyloides","(Reiter, 1928)","","Animalia","Nematoda","Chromadorea","Rhabditida","Rhabditidae","Species","Ablechroiulus","","gongyloides","","0","0","0","1","unaccepted","","2021-09-02","urn:lsid:marinespecies.org:taxname:1538383","1468964"
"1538479","Ablechroiulus lacustris","(Micoletzky, 1913) Andrássy, 1966","1537738","Choriorhabditis lacustris","(Micoletzky, 1913)","","Animalia","Nematoda","Chromadorea","Rhabditida","Rhabditidae","Species","Ablechroiulus","","lacustris","","0","0","0","1","unaccepted","","2021-09-02","urn:lsid:marinespecies.org:taxname:1538479","1468964"
"1538086","Ablechroiulus maculosus","Andrássy, 1982","1537741","Choriorhabditis maculosa","(Andrássy, 1982) Sudhaus, 2011","","Animalia","Nematoda","Chromadorea","Rhabditida","Rhabditidae","Species","Ablechroiulus","","maculosus","","0","0","0","1","unaccepted","","2021-09-02","urn:lsid:marinespecies.org:taxname:1538086","1468964"
"1538379","Ablechroiulus paraciliatus","(T. Goodey, 1943) Andrássy, 1966","1537723","Cephaloboides paraciliatus","(T. Goodey, 1943)","","Animalia","Nematoda","Chromadorea","Rhabditida","Rhabditidae","Species","Ablechroiulus","","paraciliatus","","0","0","0","1","unaccepted","","2021-09-02","urn:lsid:marinespecies.org:taxname:1538379","1468964"
"1468970","Ablechroiulus querquelutanus","Abolafia & Peña-Santiago, 2009","1468970","Ablechroiulus querquelutanus","Abolafia & Peña-Santiago, 2009","","Animalia","Nematoda","Chromadorea","Rhabditida","Rhabditidae","Species","Ablechroiulus","","querquelutanus","","","","","1","accepted","","2020-11-27","urn:lsid:marinespecies.org:taxname:1468970","1468964"
"1538091","Ablechroiulus querquetulanus","Abolafia & Peña-Santiago, 2009","1537745","Choriorhabditis querquetulana","(Abolafia & Peña-Santiago, 2009) Sudhaus, 2011","","Animalia","Nematoda","Chromadorea","Rhabditida","Rhabditidae","Species","Ablechroiulus","","querquetulanus","","0","0","0","1","unaccepted","","2021-09-02","urn:lsid:marinespecies.org:taxname:1538091","1468964"
"1538092","Ablechroiulus spelaeus","Abolafia & Peña-Santiago, 2011","1537746","Choriorhabditis spelaea","(Abolafia & Peña-Santiago, 2011) Sudhaus, 2011","","Animalia","Nematoda","Chromadorea","Rhabditida","Rhabditidae","Species","Ablechroiulus","","spelaeus","","0","0","0","1","unaccepted","","2021-09-02","urn:lsid:marinespecies.org:taxname:1538092","1468964"
"1538093","Ablechroiulus stercorarius","Andrássy, 1987","1537747","Choriorhabditis stercoraria","(Andrássy, 1987) Sudhaus, 2011","","Animalia","Nematoda","Chromadorea","Rhabditida","Rhabditidae","Species","Ablechroiulus","","stercorarius","","0","0","0","1","unaccepted","","2021-09-02","urn:lsid:marinespecies.org:taxname:1538093","1468964"
"1468972","Ablechroiulus verminosus","Abolafia & Peña-Santiago, 2009","1537748","Choriorhabditis verminosa","(Abolafia & Peña-Santiago, 2009) Sudhaus, 2011","","Animalia","Nematoda","Chromadorea","Rhabditida","Rhabditidae","Species","Ablechroiulus","","verminosus","","0","0","0","1","unaccepted","","2021-09-01","urn:lsid:marinespecies.org:taxname:1468972","1468964"
"397694","Ablenes","","159244","Ablennes","Jordan & Fordice, 1887","","Animalia","Chordata","Teleostei","Beloniformes","Belonidae","Genus","Ablenes","","","","1","","","0","unaccepted","misspelling","2015-04-27","urn:lsid:marinespecies.org:taxname:397694","125451"
"400781","Ablenes hians","(Valenciennes, 1846)","159246","Ablennes hians","(Valenciennes, 1846)","","Animalia","Chordata","Teleostei","Beloniformes","Belonidae","Species","Ablenes","","hians","","1","1","0","0","unaccepted","misspelling","2009-06-15","urn:lsid:marinespecies.org:taxname:400781","397694"
"159244","Ablennes","Jordan & Fordice, 1887","159244","Ablennes","Jordan & Fordice, 1887","","Animalia","Chordata","Teleostei","Beloniformes","Belonidae","Genus","Ablennes","","","","1","1","0","0","accepted","","2014-11-21","urn:lsid:marinespecies.org:taxname:159244","125451"
"308745","Ablennes anastomella","(Valenciennes, 1846)","275977","Strongylura anastomella","(Valenciennes, 1846)","","Animalia","Chordata","Teleostei","Beloniformes","Belonidae","Species","Ablennes","","anastomella","","1","0","0","0","unaccepted","","2008-02-28","urn:lsid:marinespecies.org:taxname:308745","159244"
"159246","Ablennes hians","(Valenciennes, 1846)","159246","Ablennes hians","(Valenciennes, 1846)","","Animalia","Chordata","Teleostei","Beloniformes","Belonidae","Species","Ablennes","","hians","","1","1","0","0","accepted","","2008-01-15","urn:lsid:marinespecies.org:taxname:159246","159244"
